source,target,id,weight,class,prod
745,1276,1500,10,기계제작1,NA
630,1239,719,8,,
630,932,1186,8,금속자재,부품
704,848,394,8,간판및광고물,명판
16,1305,1723,6,기계제작3,NA
44,1313,3944,6,기계제작3,NA
648,1266,1990,6,금속제품,금속
672,795,347,6,기계장비,공구
672,1240,566,6,,
672,954,681,6,금속자재,스테인리스
672,821,736,6,금속자재,금속
672,896,1355,6,금속자재,"볼트,너트"
1327,1271,4361,6,기계제작1,NA
1327,1286,4362,6,용접,NA
1327,1014,4363,6,건축자재,인테리어제품
1327,1083,4364,6,금속자재,철
1327,821,4365,6,금속자재,금속
1327,954,4366,6,금속자재,스테인리스
1327,1009,4367,6,건축자재,인테리어제품
1327,780,4368,6,간판및광고물,간판
1327,1280,4357,6,기계제작1,NA
1327,1279,4358,6,기계제작1,NA
1327,1294,4359,6,용접,NA
1327,1272,4360,6,기계제작1,NA
105,1270,1791,5,기계제작1,NA
136,1278,4013,5,기계제작1,NA
418,1093,2218,5,케이스,케이스
510,1093,191,5,케이스,케이스
672,1328,4381,5,,NA
672,1306,1559,5,,NA
672,1311,1799,5,,NA
672,1266,1988,5,기계제작1,NA
672,1319,4027,5,,NA
672,1274,4232,5,기계제작1,NA
678,1306,1562,5,,NA
678,1328,4386,5,,NA
745,1268,1974,5,기계제작1,NA
745,1284,3714,5,기계제작2,NA
36,1331,4405,4,기계제작2,NA
36,1306,4053,4,인쇄,NA
49,1313,3943,4,기계제작3,NA
59,1298,1820,4,인쇄,NA
59,1277,1934,4,기계제작2,NA
59,1273,1935,4,기계제작1,NA
92,1305,1724,4,기계제작3,NA
110,1331,4417,4,기계제작2,NA
110,1317,3841,4,,NA
128,1309,1637,4,,NA
128,1277,1932,4,기계제작2,NA
128,1273,1933,4,기계제작1,NA
227,848,2565,4,간판및광고물,명판
227,1229,2656,4,,
269,1302,3929,4,후처리2,NA
299,848,414,4,간판및광고물,명판
299,958,772,4,플라스틱자재,아크릴
299,964,823,4,비철금속자재,알루미늄
331,848,2532,4,간판및광고물,명판
331,958,2959,4,플라스틱자재,아크릴
331,964,2998,4,비철금속자재,알루미늄
359,1282,3880,4,기계제작2,NA
458,848,399,4,간판및광고물,명판
471,1284,3701,4,기계제작2,NA
475,1274,1656,4,기계제작2,NA
513,848,382,4,간판및광고물,명판
513,1229,505,4,,
520,1266,1997,4,금속제품,금속
537,1267,1597,4,금속제품,비금속
538,1276,1503,4,기계제작2,NA
539,848,2534,4,간판및광고물,명판
543,1276,1499,4,기계제작2,NA
543,1272,1890,4,기계제작1,NA
543,1277,1918,4,기계제작2,NA
543,1273,1919,4,기계제작1,NA
546,1284,3707,4,기계제작2,NA
546,1331,4414,4,기계제작2,NA
546,1280,4116,4,기계제작1,NA
569,1294,1711,4,후처리2,NA
572,1266,2332,4,금속제품,금속
580,857,354,4,건축자재,목제품
580,958,768,4,플라스틱자재,아크릴
618,1229,503,4,,
624,964,824,4,비철금속자재,알루미늄
632,1245,279,4,,
632,1014,1457,4,건축자재,인테리어제품
650,821,738,4,금속자재,금속
650,1083,1214,4,금속자재,철
656,869,806,4,박스,박스
656,959,1411,4,플라스틱자재,아크릴
658,1243,375,4,,
658,1229,499,4,,
665,1286,1759,4,용접,NA
665,1294,3969,4,용접,NA
666,780,209,4,간판및광고물,간판
666,1083,1216,4,금속자재,철
667,1058,66,4,조명및전구,조명제품
667,1060,97,4,조명및전구,조명제품
667,1164,127,4,전자전기제품,회로
667,1276,1505,4,기계제작2,NA
667,1300,2013,4,회로설계,NA
667,1284,3723,4,기계제작2,NA
667,1308,4259,4,회로설계,NA
677,1012,1013,4,건축자재,인테리어제품
677,1014,1442,4,건축자재,인테리어제품
686,932,1185,4,금속자재,부품
696,1266,2006,4,금속제품,금속
713,1256,587,4,,
713,954,686,4,금속자재,스테인리스
713,821,744,4,금속자재,금속
713,964,834,4,비철금속자재,알루미늄
713,1286,1751,4,용접,NA
713,1311,1804,4,,NA
713,1294,3965,4,용접,NA
713,1319,4023,4,,NA
714,1189,954,4,,
745,917,490,4,금속자재,부품
745,1189,955,4,,
745,1017,991,4,건축자재,인테리어철물
745,1011,997,4,건축자재,인테리어제품
745,932,1190,4,금속자재,부품
1345,1238,4497,4,,
1345,958,4494,4,플라스틱자재,아크릴
1345,1280,4495,4,기계제작1,NA
1345,1272,4496,4,기계제작1,NA
31,848,397,3,간판및광고물,명판
34,1093,2216,3,케이스,케이스
50,1308,1909,3,,NA
53,848,2546,3,간판및광고물,명판
58,1093,196,3,케이스,케이스
108,848,410,3,간판및광고물,명판
203,1306,4072,3,인쇄,NA
225,1296,3940,3,시공,NA
253,1294,1712,3,후처리2,NA
253,1272,1898,3,기계제작1,NA
262,1306,4061,3,인쇄,NA
267,848,2530,3,간판및광고물,명판
299,1276,1502,3,기계제작2,NA
299,1309,1625,3,,NA
299,1298,1840,3,인쇄,NA
311,1239,2896,3,,
311,904,3404,3,금속자재,봉
313,1289,1981,3,후처리1,NA
329,954,691,3,금속자재,스테인리스
331,1284,3702,3,기계제작2,NA
331,1317,3843,3,,NA
331,1306,4046,3,인쇄,NA
338,1294,1709,3,용접,NA
339,1017,987,3,건축자재,인테리어철물
339,1083,1213,3,금속자재,철
339,1014,1446,3,건축자재,인테리어제품
339,1286,1757,3,용접,NA
339,1280,1968,3,부품제작,NA
340,1294,3960,3,용접,NA
341,848,391,3,간판및광고물,명판
341,964,818,3,비철금속자재,알루미늄
343,1288,1720,3,시공,NA
361,1286,1768,3,용접,NA
375,1274,1677,3,기계제작2,NA
375,1311,1807,3,,NA
382,1297,4225,3,후처리1,NA
390,1294,3956,3,용접,NA
403,1266,2375,3,금속제품,금속
403,1267,2742,3,금속제품,비금속
415,848,2535,3,간판및광고물,명판
417,1282,3885,3,기계제작2,NA
417,1319,4021,3,,NA
420,1137,2162,3,플라스틱자재,플라스틱
420,958,2970,3,플라스틱자재,아크릴
420,869,2987,3,박스,박스
420,1284,3708,3,기계제작2,NA
420,1315,3816,3,,NA
420,1306,4065,3,인쇄,NA
448,1298,1825,3,인쇄,NA
449,848,2537,3,간판및광고물,명판
449,964,2999,3,비철금속자재,알루미늄
450,1331,4419,3,자수,NA
492,1298,1829,3,인쇄,NA
501,848,387,3,간판및광고물,명판
503,1137,139,3,플라스틱자재,플라스틱
503,958,784,3,플라스틱자재,아크릴
503,869,807,3,박스,박스
503,1276,1513,3,기계제작2,NA
503,1307,1602,3,,NA
503,1298,1836,3,인쇄,NA
504,1286,1745,3,용접,NA
514,1302,3930,3,후처리2,NA
514,1280,4102,3,기계제작1,NA
520,1239,728,3,,
520,904,1209,3,금속자재,봉
535,1266,2339,3,금속제품,금속
537,1284,3736,3,기계제작2,NA
537,1315,3811,3,,NA
543,848,386,3,간판및광고물,명판
543,962,583,3,비철금속자재,알루미늄
543,958,769,3,플라스틱자재,아크릴
543,964,817,3,비철금속자재,알루미늄
546,848,2544,3,간판및광고물,명판
546,962,2756,3,비철금속자재,알루미늄
546,958,2943,3,플라스틱자재,아크릴
546,964,3011,3,비철금속자재,알루미늄
566,1293,4082,3,자수,NA
568,1017,3175,3,건축자재,인테리어철물
568,1083,3408,3,금속자재,철
568,1014,3644,3,건축자재,인테리어제품
568,1294,3961,3,용접,NA
568,1288,4211,3,부품제작,NA
620,1266,2322,3,금속제품,금속
620,833,3222,3,기획,기획
634,1286,1736,3,용접,NA
634,1294,3973,3,용접,NA
639,1274,1694,3,기계제작2,NA
639,1282,3871,3,기계제작2,NA
648,1274,1703,3,기계제작1,NA
668,1266,1992,3,금속제품,금속
669,1266,2388,3,금속제품,금속
669,1267,2743,3,금속제품,비금속
691,1266,2010,3,금속제품,금속
1339,1316,4455,3,,NA
8,765,547,2,전기전자제품,가전제품(전기전자제품)
14,765,550,2,전기전자제품,가전제품(전기전자제품)
27,765,2704,2,전기전자제품,가전제품(전기전자제품)
36,1093,2225,2,케이스,케이스
36,848,2557,2,간판및광고물,명판
36,958,2963,2,플라스틱자재,아크릴
36,1128,3588,2,간판및광고물,표지판
53,1331,4404,2,기계제작2,NA
53,1317,3842,2,,NA
53,1306,4067,2,인쇄,NA
58,1308,4257,2,회로설계,NA
59,1093,195,2,케이스,케이스
59,848,425,2,간판및광고물,명판
59,958,798,2,플라스틱자재,아크릴
59,1128,1388,2,간판및광고물,표지판
66,1179,497,2,,
66,1178,677,2,,
80,765,2702,2,전기전자제품,가전제품(전기전자제품)
107,1300,2014,2,회로설계,NA
108,1309,1632,2,,NA
108,1298,1824,2,인쇄,NA
108,1277,1916,2,기계제작2,NA
108,1273,1917,2,기계제작1,NA
109,1126,2158,2,간판및광고물,표지판
109,958,2946,2,플라스틱자재,아크릴
109,1315,3814,2,,NA
110,848,2556,2,간판및광고물,명판
110,958,2955,2,플라스틱자재,아크릴
110,964,3002,2,비철금속자재,알루미늄
110,1128,3586,2,간판및광고물,표지판
116,1241,923,2,,
116,1167,964,2,,
116,1276,1507,2,기계제작2,NA
116,1307,1609,2,,NA
121,1126,133,2,간판및광고물,표지판
121,958,767,2,플라스틱자재,아크릴
121,1307,1603,2,,NA
128,848,400,2,간판및광고물,명판
128,958,787,2,플라스틱자재,아크릴
128,964,827,2,비철금속자재,알루미늄
128,1128,1390,2,간판및광고물,표지판
140,1241,3103,2,,
140,1167,3147,2,,
140,1284,3703,2,기계제작2,NA
140,1315,3812,2,,NA
157,799,1066,2,기계장비,공구
179,1184,1106,2,,
179,1086,1267,2,금속자재,커넥터
213,1325,3834,2,,NA
227,1328,4384,2,,NA
227,1331,4413,2,기계제작2,NA
227,1275,3802,2,기계제작1,NA
227,1274,4239,2,기계제작1,NA
228,848,2541,2,간판및광고물,명판
230,1326,4314,2,조명및전구,조명제품
235,780,2234,2,간판및광고물,간판
235,784,2983,2,간판및광고물,간판
235,1318,3831,2,,NA
235,1302,3934,2,후처리2,NA
236,1326,4304,2,조명및전구,조명제품
238,1058,39,2,조명및전구,조명제품
238,1060,105,2,조명및전구,조명제품
238,1326,4318,2,조명및전구,조명제품
245,1058,45,2,조명및전구,조명제품
245,1060,104,2,조명및전구,조명제품
245,1326,4302,2,조명및전구,조명제품
247,1326,4306,2,조명및전구,조명제품
251,1294,3963,2,용접,NA
253,848,383,2,간판및광고물,명판
255,1058,59,2,조명및전구,조명제품
255,1060,86,2,조명및전구,조명제품
256,1058,33,2,조명및전구,조명제품
256,1060,77,2,조명및전구,조명제품
257,848,385,2,간판및광고물,명판
260,1266,2311,2,금속제품,금속
272,1306,4047,2,인쇄,NA
275,1014,3649,2,건축자재,인테리어제품
276,1326,4343,2,조명및전구,조명제품
288,958,777,2,플라스틱자재,아크릴
288,964,825,2,비철금속자재,알루미늄
288,1309,1623,2,,NA
288,1277,1922,2,기계제작2,NA
288,1273,1923,2,기계제작1,NA
292,1319,4037,2,,NA
294,799,1071,2,기계장비,공구
295,1266,2327,2,금속제품,금속
295,1267,2747,2,금속제품,비금속
295,1279,4086,2,기계제작1,NA
295,1280,4125,2,기계제작1,NA
302,1328,4377,2,,NA
308,1302,3928,2,후처리2,NA
311,1319,4020,2,,NA
311,1274,4236,2,기계제작1,NA
312,1298,1838,2,인쇄,NA
321,1266,2302,2,금속제품,금속
329,1328,4378,2,,NA
329,780,2238,2,간판및광고물,간판
329,1294,3992,2,용접,NA
341,1309,1627,2,,NA
341,1298,1827,2,인쇄,NA
341,1277,1930,2,기계제작2,NA
341,1273,1931,2,기계제작1,NA
342,780,214,2,간판및광고물,간판
342,954,687,2,금속자재,스테인리스
342,1306,1581,2,,NA
342,1286,1763,2,용접,NA
343,1331,4407,2,기계제작2,NA
343,958,2953,2,플라스틱자재,아크릴
343,964,3006,2,비철금속자재,알루미늄
343,1317,3847,2,,NA
344,1272,1887,2,기계제작1,NA
344,1275,3799,2,기계제작1,NA
346,1306,4048,2,인쇄,NA
352,1266,2340,2,금속제품,금속
354,1266,2405,2,금속제품,금속
354,1267,2745,2,금속제품,비금속
354,1319,4032,2,,NA
354,1280,4119,2,기계제작1,NA
356,1311,1813,2,,NA
361,1326,4332,2,조명및전구,조명제품
368,1240,564,2,,
370,1280,4130,2,기계제작1,NA
375,1011,1002,2,건축자재,인테리어제품
375,1012,1012,2,건축자재,인테리어제품
375,1254,1424,2,,
380,1009,2512,2,건축자재,인테리어제품
384,848,2566,2,간판및광고물,명판
402,1280,4104,2,기계제작1,NA
403,1279,4088,2,기계제작1,NA
403,1280,4121,2,기계제작1,NA
411,1266,2313,2,금속제품,금속
411,1267,2739,2,금속제품,비금속
411,1331,4406,2,기계제작2,NA
411,1284,3728,2,기계제작2,NA
414,1266,2385,2,금속제품,금속
417,1011,3179,2,건축자재,인테리어제품
417,1012,3193,2,건축자재,인테리어제품
417,1254,3623,2,,
431,1326,4321,2,조명및전구,조명제품
433,1308,4260,2,회로설계,NA
434,1306,4043,2,인쇄,NA
439,1306,4068,2,인쇄,NA
441,1331,4408,2,기계제작2,NA
449,1331,4418,2,기계제작2,NA
449,1317,3839,2,,NA
449,1306,4051,2,인쇄,NA
452,848,2553,2,간판및광고물,명판
461,1326,4345,2,조명및전구,조명제품
476,848,403,2,간판및광고물,명판
483,1266,2307,2,금속제품,금속
485,780,205,2,간판및광고물,간판
485,784,804,2,간판및광고물,간판
485,1310,1619,2,,NA
485,1294,1710,2,후처리2,NA
491,1009,366,2,건축자재,인테리어제품
494,848,390,2,간판및광고물,명판
498,1306,1572,2,,NA
505,1286,1737,2,용접,NA
506,1286,1734,2,용접,NA
506,1280,4113,2,기계제작1,NA
507,1298,1832,2,인쇄,NA
509,1298,1843,2,인쇄,NA
511,1306,1565,2,,NA
512,848,417,2,간판및광고물,명판
512,850,871,2,간판및광고물,명판
512,1309,1635,2,,NA
512,1298,1853,2,인쇄,NA
513,1306,1556,2,,NA
513,1267,1594,2,기계제작1,NA
513,1277,1940,2,기계제작2,NA
513,1273,1941,2,기계제작1,NA
513,1266,1991,2,기계제작1,NA
514,848,2560,2,간판및광고물,명판
516,1266,2356,2,금속제품,금속
519,1328,4382,2,,NA
520,1311,1802,2,,NA
520,1267,2741,2,금속제품,비금속
520,1284,3739,2,기계제작2,NA
520,1315,3815,2,,NA
522,1266,2330,2,금속제품,금속
526,1266,2411,2,금속제품,금속
527,848,2548,2,간판및광고물,명판
527,850,3050,2,간판및광고물,명판
527,1317,3853,2,,NA
527,1306,4060,2,인쇄,NA
528,1222,1328,2,,
533,1266,2361,2,금속제품,금속
535,1014,1445,2,건축자재,인테리어제품
537,1266,2314,2,금속제품,금속
537,958,2941,2,플라스틱자재,아크릴
544,958,764,2,플라스틱자재,아크릴
547,1266,2366,2,금속제품,금속
548,1266,2370,2,금속제품,금속
555,1306,1577,2,,NA
565,916,476,2,금속자재,부품
572,1328,4385,2,,NA
577,796,442,2,기계장비,공구
578,793,176,2,기계장비,공구
579,793,175,2,기계장비,공구
580,1276,1511,2,기계제작2,NA
580,1307,1607,2,,NA
580,1284,3725,2,기계제작2,NA
580,1315,3813,2,,NA
581,1074,1007,2,조명및전구,조명제품
581,1076,1195,2,조명및전구,조명제품
581,1326,4349,2,조명및전구,조명제품
582,766,612,2,전기전자제품,가전제품(전기전자제품)
582,1212,1397,2,,
583,1237,452,2,,
584,916,473,2,금속자재,부품
585,1258,270,2,,
586,1058,47,2,조명및전구,조명제품
586,1057,70,2,조명및전구,조명자재
586,1059,72,2,조명및전구,조명제품
586,1060,79,2,조명및전구,조명제품
586,1062,121,2,조명및전구,조명제품
586,1164,129,2,전자전기제품,회로
588,1237,467,2,,
589,1237,461,2,,
590,1237,455,2,,
591,886,223,2,건축자재,벽지및장판
591,887,357,2,건축자재,벽지및장판
591,888,482,2,건축자재,벽지및장판
591,889,985,2,건축자재,벽지및장판
591,983,1313,2,건축자재,위생용도자기
592,1157,1475,2,간판및광고물,현수막
593,1326,4309,2,조명및전구,조명제품
594,1326,4311,2,조명및전구,조명제품
595,1037,148,2,전기전자자재,전선
595,1041,232,2,전기전자자재,전선
595,1048,703,2,전기전자자재,전선
596,1181,757,2,,
596,1138,870,2,플라스틱자재,플라스틱
596,1309,1629,2,,NA
596,1317,3836,2,,NA
597,1334,4433,2,금속자재,철
598,1135,21,2,플라스틱자재,플라스틱
599,976,324,2,건축자재,위생용도자기
599,921,660,2,금속자재,부품
599,983,1306,2,건축자재,위생용도자기
600,1137,137,2,플라스틱자재,플라스틱
600,1144,812,2,플라스틱자재,필름
600,1145,928,2,플라스틱자재,필름
600,983,1310,2,건축자재,위생용도자기
601,1259,853,2,,
602,1242,450,2,,
603,1258,272,2,,
604,842,1230,2,금속자재,망
605,1334,4437,2,금속자재,철
606,976,334,2,건축자재,위생용도자기
606,983,1315,2,건축자재,위생용도자기
607,1014,1441,2,건축자재,인테리어제품
607,1267,1592,2,기계제작1,NA
607,1275,3805,2,기계제작1,NA
607,1334,4435,2,금속자재,철
608,759,336,2,전기전자제품,가전제품(전기전자제품)
608,1016,634,2,건축자재,인테리어철물
608,1012,1017,2,건축자재,인테리어제품
609,1239,725,2,,
609,964,836,2,비철금속자재,알루미늄
610,888,481,2,건축자재,벽지및장판
610,889,984,2,건축자재,벽지및장판
610,983,1307,2,건축자재,위생용도자기
610,959,1412,2,플라스틱자재,아크릴
611,991,604,2,건축자재,유리및창호
612,932,1189,2,금속자재,부품
612,1326,4330,2,조명및전구,조명제품
613,971,342,2,비금속광물자재,"원석,돌,스톤"
613,972,607,2,비금속광물자재,"원석,돌,스톤"
613,973,708,2,비금속광물자재,"원석,돌,스톤"
613,974,1350,2,비금속광물자재,"원석,돌,스톤"
613,975,1486,2,비금속광물자재,"원석,돌,스톤"
614,1326,4331,2,조명및전구,조명제품
615,1095,644,2,케이스,케이스
615,1012,1016,2,건축자재,인테리어제품
615,1014,1451,2,건축자재,인테리어제품
616,1326,4340,2,조명및전구,조명제품
617,1259,852,2,,
617,1238,1377,2,,
617,907,1489,2,금속자재,봉
620,1284,3731,2,기계제작2,NA
620,1282,3915,2,기계제작2,NA
620,1319,4030,2,,NA
621,1245,293,2,,
621,830,1321,2,기계장비,기어
621,1276,1504,2,기계제작2,NA
621,1284,3748,2,기계제작2,NA
622,1245,290,2,,
622,885,1294,2,플라스틱자재,벨트
623,1099,248,2,금속자재,파이프
625,1334,4432,2,금속자재,철
626,1245,292,2,,
629,1245,282,2,,
630,1328,4380,2,,NA
630,1276,1509,2,기계제작2,NA
630,1306,1560,2,,NA
630,1266,1998,2,기계제작1,NA
630,1284,3715,2,기계제작2,NA
630,1274,4229,2,기계제작1,NA
631,1112,295,2,기계장비,펌프
631,1123,1203,2,기계장비,펌프
631,1124,1369,2,기계장비,펌프
631,1212,1396,2,,
632,1274,1705,2,기계제작2,NA
632,1286,1771,2,용접,NA
632,1282,3869,2,기계제작2,NA
632,1294,3957,2,용접,NA
633,1282,3912,2,기계제작2,NA
634,1011,1000,2,건축자재,인테리어제품
634,1012,1021,2,건축자재,인테리어제품
634,1014,1469,2,건축자재,인테리어제품
635,1245,287,2,,
635,825,522,2,기계장비,기어
635,826,632,2,기계장비,기어
635,827,926,2,기계장비,기어
635,829,1318,2,기계장비,기어
636,898,144,2,금속자재,봉
636,903,874,2,금속자재,봉
637,1131,277,2,금속자재,풀리
637,1245,288,2,,
637,829,1320,2,기계장비,기어
638,1186,529,2,,
638,1150,1254,2,금속자재,합금
639,1245,291,2,,
639,825,521,2,기계장비,기어
639,827,927,2,기계장비,기어
640,1245,283,2,,
642,905,1255,2,금속자재,봉
642,1152,1492,2,금속자재,합금
643,1266,2346,2,금속제품,금속
643,833,3220,2,기획,기획
643,1294,3979,2,용접,NA
643,1280,4108,2,기계제작1,NA
644,1266,2354,2,금속제품,금속
645,1212,1403,2,,
646,1112,297,2,기계장비,펌프
646,1124,1370,2,기계장비,펌프
647,1238,1380,2,,
647,1152,1494,2,금속자재,합금
649,1266,2338,2,금속제품,금속
650,1274,1663,2,기계제작2,NA
650,1286,1739,2,용접,NA
650,1282,3906,2,기계제작2,NA
650,1294,3974,2,용접,NA
651,842,1229,2,금속자재,망
653,954,698,2,금속자재,스테인리스
653,1238,1379,2,,
654,984,225,2,유리자재,유리
654,988,939,2,유리자재,유리
654,989,946,2,유리자재,유리
656,1272,1878,2,기계제작1,NA
656,1280,4131,2,기계제작1,NA
658,1295,1549,2,후처리2,NA
658,1277,1936,2,기계제작2,NA
658,1273,1937,2,기계제작1,NA
658,1303,3757,2,후처리2,NA
658,1331,4415,2,기계제작2,NA
660,1266,2381,2,금속제품,금속
660,1273,2591,2,건축자재,목제품
660,1284,3746,2,기계제작2,NA
660,1282,3888,2,기계제작2,NA
661,1012,1014,2,건축자재,인테리어제품
661,1083,1221,2,금속자재,철
662,1014,1453,2,건축자재,인테리어제품
664,899,360,2,금속자재,봉
664,900,362,2,금속자재,봉
664,901,364,2,금속자재,봉
664,903,875,2,금속자재,봉
664,1151,1323,2,금속자재,합금
665,780,213,2,간판및광고물,간판
665,1009,368,2,건축자재,인테리어제품
665,1083,1225,2,금속자재,철
665,1014,1450,2,건축자재,인테리어제품
666,1271,1863,2,기계제작1,NA
666,1272,1881,2,기계제작1,NA
666,1279,4090,2,기계제작1,NA
666,1280,4112,2,기계제작1,NA
669,1328,4383,2,,NA
669,1279,4089,2,기계제작1,NA
669,1280,4109,2,기계제작1,NA
670,954,697,2,금속자재,스테인리스
670,821,737,2,금속자재,금속
670,1083,1215,2,금속자재,철
670,1014,1468,2,건축자재,인테리어제품
671,1100,265,2,금속자재,파이프
671,1102,646,2,금속자재,파이프
671,1106,970,2,금속자재,파이프
671,1238,1373,2,,
673,1239,724,2,,
674,856,1052,2,기계장비,모터
675,1112,298,2,기계장비,펌프
675,1187,436,2,,
675,1123,1205,2,기계장비,펌프
675,1124,1372,2,기계장비,펌프
675,1212,1400,2,,
676,1187,437,2,,
676,1091,865,2,기계장비,컴프레셔(콤프레샤)
677,1274,1676,2,기계제작2,NA
677,1286,1733,2,용접,NA
677,1282,3875,2,기계제작2,NA
677,1294,3953,2,용접,NA
678,1334,4431,2,금속자재,철
678,954,701,2,금속자재,스테인리스
678,1239,722,2,,
678,821,739,2,금속자재,금속
678,964,837,2,비철금속자재,알루미늄
679,1239,727,2,,
679,1081,1363,2,조명및전구,조명제품
679,1326,4303,2,조명및전구,조명제품
682,1245,281,2,,
687,932,1187,2,금속자재,부품
688,1282,3923,2,기계제작2,NA
689,1266,2351,2,금속제품,금속
691,1274,1664,2,기계제작1,NA
693,1266,2326,2,금속제품,금속
696,1274,1683,2,기계제작1,NA
697,1012,1020,2,건축자재,인테리어제품
697,1014,1455,2,건축자재,인테리어제품
697,1286,1747,2,용접,NA
697,1294,3996,2,용접,NA
698,933,1198,2,금속자재,부품
700,1015,574,2,건축자재,인테리어철물
703,1017,994,2,건축자재,인테리어철물
704,1306,1563,2,인쇄,NA
705,899,359,2,금속자재,봉
705,900,361,2,금속자재,봉
705,901,363,2,금속자재,봉
707,876,338,2,전기전자자재,버스바(부스바)
707,1226,1120,2,,
707,934,1287,2,금속자재,부품
707,1225,1432,2,,
709,1240,561,2,,
710,1272,2881,2,금속제품,금속
712,1260,1212,2,,
716,949,15,2,전기전자자재,스위치
716,939,152,2,전기전자제품,분전반및배전반
716,1183,576,2,,
716,1184,1110,2,,
717,939,151,2,전기전자제품,분전반및배전반
717,1183,579,2,,
719,1243,377,2,,
719,1229,511,2,,
719,1266,1994,2,기계제작1,NA
719,1274,4230,2,기계제작1,NA
721,1083,1226,2,금속자재,철
724,1147,146,2,금속자재,합금
724,1148,147,2,금속자재,합금
725,1017,990,2,건축자재,인테리어철물
725,1011,999,2,건축자재,인테리어제품
725,1012,1011,2,건축자재,인테리어제품
725,1014,1460,2,건축자재,인테리어제품
730,1335,4438,2,전기전자제품,가전제품(전기전자제품)
731,1064,162,2,조명및전구,조명제품
731,818,380,2,금속자재,금속
731,1067,487,2,조명및전구,조명제품
732,1237,465,2,,
733,1237,456,2,,
734,1250,1114,2,,
735,1257,961,2,,
736,1237,457,2,,
736,916,478,2,금속자재,부품
737,778,1269,2,전기전자제품,가전제품(전기전자제품)
740,821,749,2,금속자재,금속
741,1266,1989,2,금속제품,금속
742,916,475,2,금속자재,부품
743,1261,238,2,,
743,1181,758,2,,
743,1193,1124,2,,
744,1262,1038,2,,
746,954,690,2,금속자재,스테인리스
746,1253,1063,2,,
747,821,742,2,금속자재,금속
747,1150,1252,2,금속자재,합금
747,1280,1969,2,부품제작,NA
747,1288,4212,2,부품제작,NA
748,964,822,2,비철금속자재,알루미늄
748,1150,1253,2,금속자재,합금
748,1152,1493,2,금속자재,합금
751,1014,1464,2,건축자재,인테리어제품
752,1055,1278,2,전기전자자재,전선
1327,1010,4369,2,건축자재,인테리어제품
1338,1239,4451,2,,
1342,1276,4480,2,기계제작2,NA
1342,959,4481,2,플라스틱자재,아크릴
1342,958,4478,2,플라스틱자재,아크릴
1342,1284,4479,2,기계제작2,NA
1344,1090,4489,2,전기전자제품,컨버터및인버터
1344,1220,4488,2,,
2,820,519,1,금속자재,금속
2,815,668,1,금속제품,귀금속
2,817,884,1,금속제품,귀금속
2,863,2022,1,박스,박스
2,1096,3445,1,케이스,케이스
3,995,448,1,기계장비,의료
3,765,551,1,전기전자제품,가전제품(전기전자제품)
3,768,811,1,전기전자제품,가전제품(전기전자제품)
3,1002,1435,1,기계장비,의료
3,1003,1477,1,기계장비,의료
3,1005,1482,1,기계장비,의료
3,1168,2029,1,,
3,1169,3132,1,,
4,754,156,1,전기전자제품,가전제품(전기전자제품)
4,758,312,1,전기전자제품,가전제품(전기전자제품)
4,760,341,1,전기전자제품,가전제품(전기전자제품)
4,764,514,1,전기전자제품,가전제품(전기전자제품)
4,771,962,1,전기전자제품,가전제품(전기전자제품)
4,1133,2831,1,전기전자자재,퓨즈(휴즈)
4,1090,3162,1,전기전자제품,컨버터및인버터
5,994,166,1,기계장비,의료
5,996,653,1,기계장비,의료
5,1000,1285,1,기계장비,의료
5,1002,1438,1,기계장비,의료
5,1107,2037,1,금속자재,팬
5,1187,2580,1,,
5,1174,2797,1,,
5,1178,2852,1,,
6,1274,1684,1,기계제작2,NA
6,1278,1790,1,부품제작,NA
6,1292,1979,1,후처리2,NA
6,1107,2038,1,금속자재,팬
6,1108,2769,1,금속자재,팬
6,998,3140,1,기계장비,의료
6,1110,3542,1,금속자재,팬
6,1001,3592,1,기계장비,의료
7,817,885,1,금속제품,귀금속
7,1058,2083,1,조명및전구,조명제품
7,1060,2135,1,조명및전구,조명제품
8,994,165,1,기계장비,의료
8,807,254,1,기계장비,과학용품
8,995,447,1,기계장비,의료
8,1002,1436,1,기계장비,의료
8,1003,1476,1,기계장비,의료
8,1005,1481,1,기계장비,의료
8,1058,2062,1,조명및전구,조명제품
8,1060,2109,1,조명및전구,조명제품
9,994,167,1,기계장비,의료
9,996,651,1,기계장비,의료
9,1002,1437,1,기계장비,의료
9,1058,2073,1,조명및전구,조명제품
9,1059,2093,1,조명및전구,조명제품
9,1060,2117,1,조명및전구,조명제품
10,814,314,1,금속제품,귀금속
10,815,675,1,금속제품,귀금속
10,816,717,1,금속제품,귀금속
10,817,881,1,금속제품,귀금속
10,1058,2044,1,조명및전구,조명제품
10,1060,2096,1,조명및전구,조명제품
10,780,2230,1,간판및광고물,간판
11,765,553,1,전기전자제품,가전제품(전기전자제품)
11,1058,2042,1,조명및전구,조명제품
11,1060,2099,1,조명및전구,조명제품
11,1326,4264,1,조명및전구,조명제품
12,765,548,1,전기전자제품,가전제품(전기전자제품)
12,1058,2059,1,조명및전구,조명제품
12,1060,2127,1,조명및전구,조명제품
12,1326,4284,1,조명및전구,조명제품
13,996,652,1,기계장비,의료
13,1058,2060,1,조명및전구,조명제품
13,1060,2113,1,조명및전구,조명제품
13,1326,4281,1,조명및전구,조명제품
14,994,168,1,기계장비,의료
14,1003,1479,1,기계장비,의료
14,1005,1484,1,기계장비,의료
14,1058,2082,1,조명및전구,조명제품
14,1060,2107,1,조명및전구,조명제품
14,1068,2771,1,조명및전구,조명제품
14,1029,2773,1,조명및전구,전구
14,1030,3229,1,조명및전구,전구
14,1031,3555,1,조명및전구,전구
14,1032,3639,1,조명및전구,전구
14,1326,4298,1,조명및전구,조명제품
15,765,549,1,전기전자제품,가전제품(전기전자제품)
15,1058,2053,1,조명및전구,조명제품
15,1060,2101,1,조명및전구,조명제품
15,1080,3547,1,조명및전구,조명제품
16,806,230,1,기계장비,과학용품
16,807,257,1,기계장비,과학용품
16,809,1051,1,기계장비,과학용품
16,773,1097,1,전기전자제품,가전제품(전기전자제품)
16,810,1258,1,기계장비,과학용품
16,811,1471,1,기계장비,과학용품
16,878,2146,1,금속자재,베어링
17,994,164,1,기계장비,의료
17,765,555,1,전기전자제품,가전제품(전기전자제품)
17,1002,1439,1,기계장비,의료
17,1003,1478,1,기계장비,의료
17,1164,2155,1,전자전기제품,회로
17,1308,4262,1,회로설계,NA
18,1058,2063,1,조명및전구,조명제품
18,1060,2104,1,조명및전구,조명제품
18,1164,2156,1,전자전기제품,회로
19,815,672,1,금속제품,귀금속
19,817,889,1,금속제품,귀금속
19,865,2174,1,박스,박스
20,817,883,1,금속제품,귀금속
20,863,2023,1,박스,박스
20,864,2040,1,박스,박스
20,953,2175,1,금속자재,스테인리스
20,964,3008,1,비철금속자재,알루미늄
21,816,713,1,금속제품,귀금속
21,817,890,1,금속제품,귀금속
22,1095,641,1,케이스,케이스
22,754,2181,1,전기전자제품,가전제품(전기전자제품)
22,758,2459,1,전기전자제품,가전제품(전기전자제품)
22,760,2488,1,전기전자제품,가전제품(전기전자제품)
22,764,2668,1,전기전자제품,가전제품(전기전자제품)
22,771,3143,1,전기전자제품,가전제품(전기전자제품)
23,807,260,1,기계장비,과학용품
23,767,619,1,전기전자제품,가전제품(전기전자제품)
23,808,650,1,기계장비,과학용품
23,773,1090,1,전기전자제품,가전제품(전기전자제품)
23,754,2182,1,전기전자제품,가전제품(전기전자제품)
23,1055,3467,1,전기전자자재,전선
24,807,255,1,기계장비,과학용품
24,810,1259,1,기계장비,과학용품
25,807,259,1,기계장비,과학용품
25,994,2191,1,기계장비,의료
25,765,2706,1,전기전자제품,가전제품(전기전자제품)
25,1002,3637,1,기계장비,의료
25,1003,3678,1,기계장비,의료
26,978,616,1,건축자재,위생용도자기
26,994,2190,1,기계장비,의료
26,996,2824,1,기계장비,의료
26,1000,3480,1,기계장비,의료
26,1002,3634,1,기계장비,의료
27,1133,658,1,전기전자자재,퓨즈(휴즈)
27,1090,971,1,전기전자제품,컨버터및인버터
27,994,2192,1,기계장비,의료
27,807,2283,1,기계장비,과학용품
27,995,2598,1,기계장비,의료
27,1002,3635,1,기계장비,의료
27,1003,3677,1,기계장비,의료
27,1005,3681,1,기계장비,의료
28,773,1096,1,전기전자제품,가전제품(전기전자제품)
28,793,2208,1,기계장비,공구
28,794,2421,1,기계장비,공구
29,773,1095,1,전기전자제품,가전제품(전기전자제품)
29,793,2203,1,기계장비,공구
29,794,2422,1,기계장비,공구
29,799,3267,1,기계장비,공구
29,800,3293,1,기계장비,공구
30,1020,2210,1,금속제품,자석
31,1309,1642,1,,NA
31,1298,1823,1,인쇄,NA
31,1277,1920,1,기계제작2,NA
31,1273,1921,1,기계제작1,NA
31,1020,2214,1,금속제품,자석
32,1020,2215,1,금속제품,자석
33,988,942,1,유리자재,유리
33,1020,2211,1,금속제품,자석
33,1025,3059,1,금속제품,자석
33,1026,3481,1,금속제품,자석
34,988,944,1,유리자재,유리
34,1167,967,1,,
34,1331,4410,1,기계제작2,NA
34,1317,3838,1,,NA
34,1306,4050,1,인쇄,NA
37,1058,68,1,조명및전구,조명제품
37,1060,118,1,조명및전구,조명제품
37,917,489,1,금속자재,부품
37,1074,1008,1,조명및전구,조명제품
37,1253,1062,1,,
37,1040,2228,1,전기전자자재,전선
37,1044,2452,1,전기전자자재,전선
37,1045,2698,1,전기전자자재,전선
37,1054,3456,1,전기전자자재,전선
37,1326,4325,1,조명및전구,조명제품
38,1168,11,1,,
38,1169,952,1,,
38,852,2247,1,기계장비,모터
39,1065,2262,1,조명및전구,조명제품
39,1070,2820,1,조명및전구,조명제품
39,1077,3392,1,조명및전구,조명제품
39,1081,3561,1,조명및전구,조명제품
39,1326,4289,1,조명및전구,조명제품
40,779,1289,1,전기전자제품,가전제품(전기전자제품)
40,935,1341,1,금속자재,부품
40,1175,2269,1,,
40,860,2938,1,전기전자제품,미터(메타)
40,1184,3301,1,,
41,793,174,1,기계장비,공구
41,794,276,1,기계장비,공구
41,799,1068,1,기계장비,공구
41,800,1101,1,기계장비,공구
41,807,2282,1,기계장비,과학용품
42,1170,340,1,,
42,762,480,1,전기전자제품,가전제품(전기전자제품)
42,763,484,1,전기전자제품,가전제품(전기전자제품)
42,807,2280,1,기계장비,과학용품
43,800,1104,1,기계장비,공구
43,807,2284,1,기계장비,과학용품
43,873,2712,1,금속제품,밸브
43,1195,3115,1,,
44,793,178,1,기계장비,공구
44,794,273,1,기계장비,공구
44,799,1076,1,기계장비,공구
44,800,1102,1,기계장비,공구
44,806,2256,1,기계장비,과학용품
44,807,2281,1,기계장비,과학용품
44,809,3239,1,기계장비,과학용품
44,773,3291,1,전기전자제품,가전제품(전기전자제품)
44,810,3452,1,기계장비,과학용품
44,811,3670,1,기계장비,과학용품
45,807,2279,1,기계장비,과학용품
45,810,3454,1,기계장비,과학용품
46,1055,1279,1,전기전자자재,전선
46,1056,1337,1,전기전자자재,전선
46,935,1343,1,금속자재,부품
46,793,2209,1,기계장비,공구
46,819,2449,1,금속자재,금속
46,800,3295,1,기계장비,공구
47,804,1335,1,기계장비,공구
47,1056,1338,1,전기전자자재,전선
47,793,2197,1,기계장비,공구
47,794,2419,1,기계장비,공구
47,799,3259,1,기계장비,공구
47,800,3296,1,기계장비,공구
48,1036,123,1,전기전자자재,전선
48,1223,1081,1,,
48,819,2451,1,금속자재,금속
48,1149,3131,1,금속자재,합금
49,793,184,1,기계장비,공구
49,819,304,1,금속자재,금속
49,800,1103,1,기계장비,공구
49,911,2454,1,금속자재,부품
49,1091,3044,1,기계장비,컴프레셔(콤프레샤)
49,1092,3395,1,기계장비,컴프레셔(콤프레샤)
49,753,3621,1,기초화학물질,가스
50,819,303,1,금속자재,금속
50,800,1100,1,기계장비,공구
50,805,1351,1,기계장비,공구
50,1020,2212,1,금속제품,자석
50,1021,2458,1,금속제품,자석
50,1023,2765,1,금속제품,자석
51,1098,666,1,플라스틱자재,튜브
51,839,845,1,전기전자자재,단자
51,1171,906,1,,
51,1086,1265,1,금속자재,커넥터
51,1055,1277,1,전기전자자재,전선
51,1172,1283,1,,
51,935,1345,1,금속자재,부품
51,1128,1389,1,간판및광고물,표지판
51,912,2462,1,금속자재,부품
52,1063,145,1,조명및전구,조명제품
52,1074,1006,1,조명및전구,조명제품
52,1033,2033,1,전기전자자재,전선
52,1039,2183,1,전기전자자재,전선
52,913,2491,1,금속자재,부품
52,1055,3470,1,전기전자자재,전선
52,1326,4324,1,조명및전구,조명제품
53,1055,1274,1,전기전자자재,전선
54,1175,241,1,,
54,1174,623,1,,
54,1173,1420,1,,
54,1093,2223,1,케이스,케이스
54,913,2492,1,금속자재,부품
54,848,2552,1,간판및광고물,명판
55,1038,155,1,전기전자자재,전선
55,1103,664,1,금속자재,파이프
55,1098,667,1,플라스틱자재,튜브
55,1187,2581,1,,
56,931,1113,1,금속자재,부품
56,1187,2582,1,,
57,1058,40,1,조명및전구,조명제품
57,1060,106,1,조명및전구,조명제품
57,1187,2586,1,,
57,1090,3163,1,전기전자제품,컨버터및인버터
57,1326,4348,1,조명및전구,조명제품
58,1309,1631,1,,NA
58,1298,1821,1,인쇄,NA
58,1277,1912,1,기계제작2,NA
58,1273,1913,1,기계제작1,NA
58,1187,2589,1,,
58,1210,3211,1,,
59,1187,2585,1,,
59,1212,3601,1,,
60,1015,575,1,건축자재,인테리어철물
60,1215,2630,1,,
61,1177,132,1,,
61,1090,972,1,전기전자제품,컨버터및인버터
61,1176,1034,1,,
61,1206,2636,1,,
61,1207,3034,1,,
61,1208,3324,1,,
62,804,1336,1,기계장비,공구
62,935,1344,1,금속자재,부품
62,1170,2487,1,,
62,762,2631,1,전기전자제품,가전제품(전기전자제품)
62,763,2637,1,전기전자제품,가전제품(전기전자제품)
63,863,7,1,박스,박스
63,864,20,1,박스,박스
63,953,150,1,금속자재,스테인리스
63,964,828,1,비철금속자재,알루미늄
64,1141,1,1,플라스틱자재,필름
64,864,19,1,박스,박스
64,868,734,1,박스,박스
64,1282,3922,1,기계제작2,NA
64,1286,4011,1,부품제작,NA
64,1300,4223,1,후처리2,NA
65,849,594,1,간판및광고물,명판
65,1129,1385,1,간판및광고물,표지판
65,1192,2639,1,,
65,1193,3317,1,,
65,1222,3523,1,,
67,936,1346,1,금속자재,부품
67,764,2672,1,전기전자제품,가전제품(전기전자제품)
68,863,3,1,박스,박스
68,1096,1250,1,케이스,케이스
68,764,2669,1,전기전자제품,가전제품(전기전자제품)
69,1090,976,1,전기전자제품,컨버터및인버터
69,1097,2178,1,플라스틱자재,튜브
69,1194,2674,1,,
69,1195,3114,1,,
70,1093,192,1,케이스,케이스
70,913,345,1,금속자재,부품
70,848,427,1,간판및광고물,명판
70,1186,2682,1,,
71,779,1290,1,전기전자제품,가전제품(전기전자제품)
71,935,1339,1,금속자재,부품
71,1186,2683,1,,
72,1176,1035,1,,
72,1186,2678,1,,
73,1210,1029,1,,
73,1186,2681,1,,
74,839,847,1,전기전자자재,단자
74,1186,2680,1,,
75,1045,544,1,전기전자자재,전선
75,926,879,1,금속자재,부품
75,946,895,1,전기전자제품,센서
75,1086,1264,1,금속자재,커넥터
75,879,2499,1,금속자재,베어링
75,880,2600,1,금속자재,베어링
75,1186,2685,1,,
75,881,2713,1,금속자재,베어링
76,1175,242,1,,
76,860,762,1,전기전자제품,미터(메타)
76,1184,1108,1,,
76,1220,2695,1,,
77,1033,13,1,전기전자자재,전선
77,1039,158,1,전기전자자재,전선
77,913,344,1,금속자재,부품
77,1055,1272,1,전기전자자재,전선
77,765,2701,1,전기전자제품,가전제품(전기전자제품)
78,1276,1510,1,기계제작2,NA
78,1307,1614,1,,NA
78,765,2705,1,전기전자제품,가전제품(전기전자제품)
79,1226,1117,1,,
79,1225,1430,1,,
79,765,2703,1,전기전자제품,가전제품(전기전자제품)
80,994,2189,1,기계장비,의료
80,1003,3676,1,기계장비,의료
80,1005,3682,1,기계장비,의료
81,1174,624,1,,
81,1210,1030,1,,
81,773,1098,1,전기전자제품,가전제품(전기전자제품)
81,908,2725,1,부동산중개,부동산중개
82,1180,316,1,,
82,1086,1262,1,금속자재,커넥터
82,1042,2293,1,전기전자자재,전선
82,1044,2453,1,전기전자자재,전선
82,1046,2734,1,전기전자자재,전선
82,1185,3543,1,,
83,791,343,1,합성고무자재,고무
83,1181,755,1,,
83,927,892,1,금속자재,부품
83,970,920,1,기초화학물질,우레탄
83,1155,1334,1,화학섬유,합성섬유
83,849,2767,1,간판및광고물,명판
83,1129,3582,1,간판및광고물,표지판
84,1180,317,1,,
84,1182,709,1,,
84,839,844,1,전기전자자재,단자
84,1172,1284,1,,
84,1191,2578,1,,
84,1190,2775,1,,
85,1178,680,1,,
85,978,2789,1,건축자재,위생용도자기
86,1264,249,1,,
86,942,2288,1,전기전자제품,센서
86,943,2296,1,전기전자제품,센서
86,944,2493,1,전기전자제품,센서
86,1174,2796,1,,
86,945,2886,1,전기전자제품,센서
86,946,3076,1,전기전자제품,센서
87,874,637,1,금속제품,밸브
87,951,842,1,전기전자자재,스위치
87,947,936,1,전기전자제품,센서
87,1333,4426,1,전기전자자재,스위치
87,1174,2798,1,,
87,1210,3213,1,,
87,773,3288,1,전기전자제품,가전제품(전기전자제품)
88,1224,2802,1,,
89,769,897,1,전기전자제품,가전제품(전기전자제품)
89,1218,2804,1,,
89,1219,3626,1,,
90,915,446,1,금속자재,부품
90,930,1089,1,금속자재,부품
90,874,2810,1,금속제품,밸브
90,929,3110,1,금속자재,부품
91,1210,1024,1,,
91,874,2809,1,금속제품,밸브
91,925,3046,1,금속자재,부품
91,1213,3088,1,,
91,929,3111,1,금속자재,부품
92,911,308,1,금속자재,부품
92,1091,864,1,기계장비,컴프레셔(콤프레샤)
92,1092,1200,1,기계장비,컴프레셔(콤프레샤)
92,753,1423,1,기초화학물질,가스
92,1209,2811,1,,
93,1095,2813,1,케이스,케이스
94,1093,200,1,케이스,케이스
94,994,2193,1,기계장비,의료
94,996,2825,1,기계장비,의료
94,1002,3638,1,기계장비,의료
95,863,8,1,박스,박스
95,1183,578,1,,
95,867,702,1,박스,박스
95,996,2826,1,기계장비,의료
96,1087,1383,1,금속자재,커넥터
96,1038,2180,1,전기전자자재,전선
96,1103,2838,1,금속자재,파이프
96,1098,2841,1,플라스틱자재,튜브
97,1184,1109,1,,
97,837,2460,1,전기전자자재,단자
97,875,2839,1,금속제품,밸브
97,924,2939,1,금속자재,부품
98,1042,266,1,전기전자자재,전선
98,1044,305,1,전기전자자재,전선
98,1046,580,1,전기전자자재,전선
98,1185,1348,1,,
98,1178,2851,1,,
100,1038,154,1,전기전자자재,전선
100,1086,1266,1,금속자재,커넥터
100,814,2461,1,금속제품,귀금속
100,815,2842,1,금속제품,귀금속
100,816,2893,1,금속제품,귀금속
100,817,3067,1,금속제품,귀금속
101,895,1105,1,금속자재,"볼트,너트"
101,1141,2021,1,플라스틱자재,필름
101,864,2039,1,박스,박스
101,868,2910,1,박스,박스
102,770,902,1,전기전자제품,가전제품(전기전자제품)
102,920,2736,1,금속자재,부품
102,1132,2806,1,전기전자자재,퓨즈(휴즈)
102,1181,2931,1,,
103,1166,609,1,,
103,1167,965,1,,
103,810,1257,1,기계장비,과학용품
103,791,2490,1,합성고무자재,고무
103,1181,2932,1,,
103,927,3072,1,금속자재,부품
103,970,3100,1,기초화학물질,우레탄
103,1155,3529,1,화학섬유,합성섬유
104,807,253,1,기계장비,과학용품
104,1201,2935,1,,
104,1193,3316,1,,
104,1222,3525,1,,
105,985,485,1,유리자재,유리
105,1166,610,1,,
105,988,941,1,유리자재,유리
105,1105,945,1,금속자재,파이프
105,989,947,1,유리자재,유리
105,1040,2229,1,전기전자자재,전선
105,1050,2936,1,전기전자자재,전선
105,1052,3055,1,전기전자자재,전선
105,1155,3527,1,화학섬유,합성섬유
105,1185,3544,1,,
106,1202,1036,1,,
106,1199,2277,1,,
106,1198,2937,1,,
106,1200,3687,1,,
107,1187,439,1,,
107,1210,1027,1,,
107,958,2951,1,플라스틱자재,아크릴
108,958,2942,1,플라스틱자재,아크릴
109,1210,1026,1,,
110,1167,963,1,,
111,1188,263,1,,
111,1119,873,1,기계장비,펌프
111,1134,2020,1,플라스틱자재,플라스틱
111,958,2940,1,플라스틱자재,아크릴
111,959,3613,1,플라스틱자재,아크릴
111,1140,3616,1,플라스틱자재,플라스틱
112,1205,2778,1,,
112,767,2794,1,전기전자제품,가전제품(전기전자제품)
112,1118,3022,1,기계장비,펌프
112,1204,3465,1,,
113,997,953,1,기계장비,의료
113,1189,957,1,,
113,839,3025,1,전기전자자재,단자
114,1180,2464,1,,
114,1182,2885,1,,
114,839,3026,1,전기전자자재,단자
114,1172,3479,1,,
115,1155,1333,1,화학섬유,합성섬유
115,1310,1620,1,,NA
115,1051,3037,1,전기전자자재,전선
116,1188,2289,1,,
116,1119,3052,1,기계장비,펌프
117,1191,431,1,,
117,1190,602,1,,
117,817,3060,1,금속제품,귀금속
118,806,229,1,기계장비,과학용품
118,1188,262,1,,
118,767,620,1,전기전자제품,가전제품(전기전자제품)
118,770,900,1,전기전자제품,가전제품(전기전자제품)
118,773,1092,1,전기전자제품,가전제품(전기전자제품)
118,774,1111,1,전기전자제품,가전제품(전기전자제품)
118,811,1472,1,기계장비,과학용품
118,817,3065,1,금속제품,귀금속
119,1192,486,1,,
119,1193,1126,1,,
119,1222,1326,1,,
119,815,2849,1,금속제품,귀금속
119,817,3068,1,금속제품,귀금속
120,883,159,1,플라스틱자재,벨트
120,885,1293,1,플라스틱자재,벨트
120,1165,1485,1,,
120,820,2673,1,금속자재,금속
120,815,2845,1,금속제품,귀금속
120,817,3071,1,금속제품,귀금속
121,816,2892,1,금속제품,귀금속
121,817,3066,1,금속제품,귀금속
122,958,774,1,플라스틱자재,아크릴
122,1045,2699,1,전기전자자재,전선
122,926,3058,1,금속자재,부품
122,946,3075,1,전기전자제품,센서
122,1086,3457,1,금속자재,커넥터
124,1097,153,1,플라스틱자재,튜브
124,1194,520,1,,
124,1195,933,1,,
124,1197,2827,1,,
124,769,3079,1,전기전자제품,가전제품(전기전자제품)
125,1065,237,1,조명및전구,조명제품
125,1070,647,1,조명및전구,조명제품
125,1077,1197,1,조명및전구,조명제품
125,1081,1365,1,조명및전구,조명제품
125,770,3083,1,전기전자제품,가전제품(전기전자제품)
125,1326,4344,1,조명및전구,조명제품
126,908,571,1,부동산중개,부동산중개
126,1174,2799,1,,
126,770,3084,1,전기전자제품,가전제품(전기전자제품)
127,1196,1434,1,,
127,1174,2800,1,,
127,945,2887,1,전기전자제품,센서
127,946,3074,1,전기전자제품,센서
127,769,3077,1,전기전자제품,가전제품(전기전자제품)
127,770,3085,1,전기전자제품,가전제품(전기전자제품)
128,770,3081,1,전기전자제품,가전제품(전기전자제품)
128,1195,3113,1,,
129,1020,189,1,금속제품,자석
129,1021,311,1,금속제품,자석
129,1023,592,1,금속제품,자석
129,770,3080,1,전기전자제품,가전제품(전기전자제품)
129,773,3283,1,전기전자제품,가전제품(전기전자제품)
130,764,516,1,전기전자제품,가전제품(전기전자제품)
130,806,2257,1,기계장비,과학용품
130,1188,2290,1,,
130,767,2791,1,전기전자제품,가전제품(전기전자제품)
130,770,3082,1,전기전자제품,가전제품(전기전자제품)
130,773,3282,1,전기전자제품,가전제품(전기전자제품)
130,774,3303,1,전기전자제품,가전제품(전기전자제품)
130,811,3671,1,기계장비,과학용품
131,1197,654,1,,
131,769,898,1,전기전자제품,가전제품(전기전자제품)
131,861,3101,1,플라스틱제품,바퀴
131,862,3549,1,플라스틱제품,바퀴
132,1199,250,1,,
132,1198,761,1,,
132,1200,1487,1,,
132,1073,3112,1,조명및전구,조명제품
133,1333,4425,1,전기전자자재,스위치
133,958,779,1,플라스틱자재,아크릴
133,874,2808,1,금속제품,밸브
133,951,3021,1,전기전자자재,스위치
133,947,3116,1,전기전자제품,센서
134,1201,759,1,,
134,1193,1123,1,,
134,1222,1327,1,,
134,988,3119,1,유리자재,유리
135,1202,1037,1,,
135,984,2252,1,유리자재,유리
135,988,3124,1,유리자재,유리
136,879,352,1,금속자재,베어링
136,880,449,1,금속자재,베어링
136,1186,524,1,,
136,881,559,1,금속자재,베어링
136,985,2638,1,유리자재,유리
136,1166,2782,1,,
136,988,3122,1,유리자재,유리
136,1105,3125,1,금속자재,파이프
136,989,3126,1,유리자재,유리
137,911,309,1,금속자재,부품
137,938,1433,1,금속자재,부품
137,988,3117,1,유리자재,유리
137,1167,3144,1,,
138,878,122,1,금속자재,베어링
138,997,3134,1,기계장비,의료
138,1189,3136,1,,
139,1276,1532,1,기계제작2,NA
139,1167,3145,1,,
140,773,1094,1,전기전자제품,가전제품(전기전자제품)
141,799,1072,1,기계장비,공구
141,1090,3158,1,전기전자제품,컨버터및인버터
142,1270,1798,1,기계제작1,NA
142,1177,2157,1,,
142,1090,3153,1,전기전자제품,컨버터및인버터
142,1176,3215,1,,
143,1193,1125,1,,
143,1222,1331,1,,
143,1217,2255,1,,
143,1090,3155,1,전기전자제품,컨버터및인버터
143,1216,3402,1,,
144,772,1065,1,전기전자제품,가전제품(전기전자제품)
144,1090,3154,1,전기전자제품,컨버터및인버터
144,1221,3463,1,,
145,1091,866,1,기계장비,컴프레셔(콤프레샤)
145,801,1116,1,기계장비,공구
145,802,1130,1,기계장비,공구
145,1210,3206,1,,
146,1058,26,1,조명및전구,조명제품
146,1060,75,1,조명및전구,조명제품
146,1210,3205,1,,
146,1326,4322,1,조명및전구,조명제품
147,1205,605,1,,
147,767,618,1,전기전자제품,가전제품(전기전자제품)
147,1118,843,1,기계장비,펌프
147,1204,1270,1,,
147,1210,3212,1,,
148,793,183,1,기계장비,공구
148,794,275,1,기계장비,공구
148,1210,3207,1,,
148,1253,3249,1,,
149,770,901,1,전기전자제품,가전제품(전기전자제품)
149,1195,934,1,,
149,1090,3161,1,전기전자제품,컨버터및인버터
149,1210,3210,1,,
151,1206,483,1,,
151,1207,855,1,,
151,1208,1132,1,,
151,1202,3217,1,,
152,861,921,1,플라스틱제품,바퀴
152,862,1354,1,플라스틱제품,바퀴
152,1202,3218,1,,
153,1058,50,1,조명및전구,조명제품
153,1060,115,1,조명및전구,조명제품
153,807,2286,1,기계장비,과학용품
153,767,2792,1,전기전자제품,가전제품(전기전자제품)
153,808,2823,1,기계장비,과학용품
153,773,3285,1,전기전자제품,가전제품(전기전자제품)
153,1326,4336,1,조명및전구,조명제품
154,1058,51,1,조명및전구,조명제품
154,1060,99,1,조명및전구,조명제품
154,1080,1352,1,조명및전구,조명제품
154,1030,3234,1,조명및전구,전구
154,935,3540,1,금속자재,부품
154,1326,4271,1,조명및전구,조명제품
155,799,1070,1,기계장비,공구
155,772,3257,1,전기전자제품,가전제품(전기전자제품)
156,799,3264,1,기계장비,공구
157,797,860,1,기계장비,공구
157,776,1256,1,전기전자제품,가전제품(전기전자제품)
158,1020,185,1,금속제품,자석
158,915,2597,1,금속자재,부품
158,930,3281,1,금속자재,부품
159,1101,611,1,금속자재,파이프
159,1238,1375,1,,
159,1211,1496,1,,
159,773,3284,1,전기전자제품,가전제품(전기전자제품)
160,819,302,1,금속자재,금속
160,1149,950,1,금속자재,합금
160,773,3286,1,전기전자제품,가전제품(전기전자제품)
161,1209,639,1,,
161,773,3290,1,전기전자제품,가전제품(전기전자제품)
162,1040,204,1,전기전자자재,전선
162,1050,760,1,전기전자자재,전선
162,1052,876,1,전기전자자재,전선
162,1155,1332,1,화학섬유,합성섬유
162,1185,1349,1,,
162,773,3287,1,전기전자제품,가전제품(전기전자제품)
163,1187,434,1,,
163,773,3289,1,전기전자제품,가전제품(전기전자제품)
163,802,3322,1,기계장비,공구
164,1187,438,1,,
164,1090,981,1,전기전자제품,컨버터및인버터
164,800,3292,1,기계장비,공구
165,942,261,1,전기전자제품,센서
165,943,269,1,전기전자제품,센서
165,944,346,1,전기전자제품,센서
165,1174,626,1,,
165,945,711,1,전기전자제품,센서
165,946,896,1,전기전자제품,센서
165,895,3297,1,금속자재,"볼트,너트"
166,1210,1033,1,,
166,1184,3300,1,,
167,1040,203,1,전기전자자재,전선
167,1044,306,1,전기전자자재,전선
167,1045,545,1,전기전자자재,전선
167,1054,1261,1,전기전자자재,전선
167,931,3305,1,금속자재,부품
168,1193,3315,1,,
168,1222,3521,1,,
169,1193,3319,1,,
169,1222,3524,1,,
169,1200,3688,1,,
170,1211,1497,1,,
170,1091,3045,1,기계장비,컴프레셔(콤프레샤)
170,801,3308,1,기계장비,공구
170,802,3321,1,기계장비,공구
171,911,307,1,금속자재,부품
171,1204,1271,1,,
171,753,1422,1,기초화학물질,가스
171,1058,2066,1,조명및전구,조명제품
171,1060,2143,1,조명및전구,조명제품
171,917,2641,1,금속자재,부품
171,1074,3188,1,조명및전구,조명제품
171,1253,3243,1,,
171,1326,4268,1,조명및전구,조명제품
172,1187,440,1,,
172,1063,2170,1,조명및전구,조명제품
172,1074,3186,1,조명및전구,조명제품
172,1326,4273,1,조명및전구,조명제품
173,1187,433,1,,
173,1212,1402,1,,
173,797,3038,1,기계장비,공구
173,799,3258,1,기계장비,공구
173,776,3451,1,전기전자제품,가전제품(전기전자제품)
174,874,635,1,금속제품,밸브
174,929,931,1,금속자재,부품
174,1166,2783,1,,
174,1167,3146,1,,
174,810,3453,1,기계장비,과학용품
175,874,636,1,금속제품,밸브
175,925,867,1,금속자재,부품
175,1213,908,1,,
175,929,930,1,금속자재,부품
175,1090,3159,1,전기전자제품,컨버터및인버터
176,1038,2179,1,전기전자자재,전선
176,1086,3460,1,금속자재,커넥터
177,1214,707,1,,
177,1180,2463,1,,
177,1086,3462,1,금속자재,커넥터
178,920,581,1,금속자재,부품
178,1132,633,1,전기전자자재,퓨즈(휴즈)
178,1181,756,1,,
178,839,3023,1,전기전자자재,단자
178,1086,3459,1,금속자재,커넥터
180,1175,240,1,,
180,1174,627,1,,
180,1173,1421,1,,
180,1055,3468,1,전기전자자재,전선
181,1164,126,1,전자전기제품,회로
181,1300,2017,1,회로설계,NA
181,1055,3474,1,전기전자자재,전선
182,1107,17,1,금속자재,팬
182,1108,596,1,금속자재,팬
182,998,959,1,기계장비,의료
182,1110,1347,1,금속자재,팬
182,1001,1394,1,기계장비,의료
182,1223,3279,1,,
182,1055,3472,1,전기전자자재,전선
183,1098,2840,1,플라스틱자재,튜브
183,839,3024,1,전기전자자재,단자
183,1171,3086,1,,
183,1086,3461,1,금속자재,커넥터
183,1055,3471,1,전기전자자재,전선
183,1172,3478,1,,
183,935,3536,1,금속자재,부품
183,1128,3590,1,간판및광고물,표지판
184,1055,3475,1,전기전자자재,전선
184,1056,3533,1,전기전자자재,전선
184,935,3539,1,금속자재,부품
185,1051,858,1,전기전자자재,전선
185,779,3484,1,전기전자제품,가전제품(전기전자제품)
185,935,3537,1,금속자재,부품
186,1107,18,1,금속자재,팬
186,1187,441,1,,
186,1174,625,1,,
186,1178,678,1,,
186,1155,3528,1,화학섬유,합성섬유
186,1318,3832,1,,NA
187,1058,48,1,조명및전구,조명제품
187,1060,109,1,조명및전구,조명제품
187,780,207,1,간판및광고물,간판
187,804,3531,1,기계장비,공구
187,1056,3532,1,전기전자자재,전선
188,852,222,1,기계장비,모터
188,779,3485,1,전기전자제품,가전제품(전기전자제품)
188,935,3538,1,금속자재,부품
189,839,846,1,전기전자자재,단자
189,1086,1263,1,금속자재,커넥터
189,804,3530,1,기계장비,공구
189,935,3534,1,금속자재,부품
190,837,313,1,전기전자자재,단자
190,875,665,1,금속제품,밸브
190,924,763,1,금속자재,부품
190,936,3541,1,금속자재,부품
192,1211,1498,1,,
192,1087,3580,1,금속자재,커넥터
193,1210,1028,1,,
193,1253,1053,1,,
193,883,2185,1,플라스틱자재,벨트
193,885,3490,1,플라스틱자재,벨트
193,1165,3685,1,,
194,1020,188,1,금속제품,자석
194,1025,880,1,금속제품,자석
194,1026,1286,1,금속제품,자석
194,1175,2268,1,,
194,1174,2801,1,,
194,1173,3619,1,,
195,773,1099,1,전기전자제품,가전제품(전기전자제품)
195,1175,2267,1,,
195,1174,2795,1,,
195,1173,3620,1,,
196,911,2456,1,금속자재,부품
196,1204,3466,1,,
196,753,3622,1,기초화학물질,가스
197,1174,628,1,,
197,770,905,1,전기전자제품,가전제품(전기전자제품)
197,911,2455,1,금속자재,부품
197,938,3632,1,금속자재,부품
198,1186,531,1,,
198,1196,3633,1,,
199,1186,527,1,,
199,995,2599,1,기계장비,의료
199,765,2708,1,전기전자제품,가전제품(전기전자제품)
199,768,2990,1,전기전자제품,가전제품(전기전자제품)
199,1002,3636,1,기계장비,의료
199,1003,3679,1,기계장비,의료
199,1005,3683,1,기계장비,의료
200,1211,3697,1,,
201,1090,977,1,전기전자제품,컨버터및인버터
201,1211,3696,1,,
202,1164,2149,1,전자전기제품,회로
202,1326,4287,1,조명및전구,조명제품
203,1174,622,1,,
203,945,710,1,전기전자제품,센서
203,946,894,1,전기전자제품,센서
203,769,899,1,전기전자제품,가전제품(전기전자제품)
203,770,903,1,전기전자제품,가전제품(전기전자제품)
203,1126,2159,1,간판및광고물,표지판
203,848,2531,1,간판및광고물,명판
203,1129,3583,1,간판및광고물,표지판
204,807,2287,1,기계장비,과학용품
204,1167,3148,1,,
205,1186,525,1,,
205,1326,4297,1,조명및전구,조명제품
206,1186,528,1,,
206,1030,3232,1,조명및전구,전구
207,807,252,1,기계장비,과학용품
207,873,558,1,금속제품,밸브
207,1195,935,1,,
207,958,2969,1,플라스틱자재,아크릴
207,1284,3706,1,기계제작2,NA
208,764,518,1,전기전자제품,가전제품(전기전자제품)
208,1058,2074,1,조명및전구,조명제품
208,1060,2102,1,조명및전구,조명제품
208,1030,3236,1,조명및전구,전구
208,1223,3275,1,,
209,770,904,1,전기전자제품,가전제품(전기전자제품)
209,773,1093,1,전기전자제품,가전제품(전기전자제품)
209,1217,2253,1,,
209,934,3483,1,금속자재,부품
210,1217,228,1,,
210,1090,974,1,전기전자제품,컨버터및인버터
210,1216,1207,1,,
210,1226,3309,1,,
210,1225,3630,1,,
211,865,149,1,박스,박스
211,1226,3310,1,,
211,1225,3631,1,,
212,799,3261,1,기계장비,공구
213,1238,3577,1,,
213,1087,3579,1,금속자재,커넥터
214,1218,631,1,,
214,1219,1427,1,,
214,1227,2484,1,,
215,1090,973,1,전기전자제품,컨버터및인버터
215,1210,1025,1,,
215,1036,2147,1,전기전자자재,전선
215,1223,3272,1,,
217,1020,187,1,금속제품,자석
218,1020,190,1,금속제품,자석
218,818,2527,1,금속자재,금속
218,1228,2992,1,,
218,1326,4270,1,조명및전구,조명제품
219,1220,540,1,,
219,1058,2077,1,조명및전구,조명제품
219,1060,2141,1,조명및전구,조명제품
219,1061,2144,1,조명및전구,조명제품
219,1164,2152,1,전자전기제품,회로
219,1326,4278,1,조명및전구,조명제품
220,1090,982,1,전기전자제품,컨버터및인버터
220,1221,1268,1,,
220,976,2477,1,건축자재,위생용도자기
220,983,3507,1,건축자재,위생용도자기
221,1298,1831,1,인쇄,NA
221,799,3265,1,기계장비,공구
222,773,1091,1,전기전자제품,가전제품(전기전자제품)
222,802,1128,1,기계장비,공구
222,1264,2276,1,,
223,912,315,1,금속자재,부품
223,1253,3252,1,,
224,1058,27,1,조명및전구,조명제품
224,1060,91,1,조명및전구,조명제품
224,1164,128,1,전자전기제품,회로
224,815,2843,1,금속제품,귀금속
224,816,2894,1,금속제품,귀금속
224,817,3069,1,금속제품,귀금속
225,1193,1122,1,,
225,1222,1329,1,,
225,1200,1488,1,,
225,1256,2760,1,,
225,1095,2814,1,케이스,케이스
225,1014,3642,1,건축자재,인테리어제품
226,754,157,1,전기전자제품,가전제품(전기전자제품)
226,1055,1273,1,전기전자자재,전선
226,1014,3646,1,건축자재,인테리어제품
227,1055,1280,1,전기전자자재,전선
228,1223,1077,1,,
228,1055,1281,1,전기전자자재,전선
228,1284,3745,1,기계제작2,NA
228,1278,4016,1,기계제작1,NA
229,1224,629,1,,
229,1095,2816,1,케이스,케이스
229,1014,3666,1,건축자재,인테리어제품
230,1058,69,1,조명및전구,조명제품
230,1060,110,1,조명및전구,조명제품
230,1068,598,1,조명및전구,조명제품
230,1029,600,1,조명및전구,전구
230,1030,1043,1,조명및전구,전구
230,1031,1360,1,조명및전구,전구
230,1032,1440,1,조명및전구,전구
231,1073,932,1,조명및전구,조명제품
232,1058,57,1,조명및전구,조명제품
232,1059,71,1,조명및전구,조명제품
232,1060,108,1,조명및전구,조명제품
233,1058,58,1,조명및전구,조명제품
233,1060,98,1,조명및전구,조명제품
234,1043,299,1,전기전자자재,전선
234,876,339,1,전기전자자재,버스바(부스바)
234,1256,589,1,,
234,1226,1118,1,,
234,904,3403,1,금속자재,봉
235,1272,1883,1,기계제작1,NA
237,1064,161,1,조명및전구,조명제품
237,1065,235,1,조명및전구,조명제품
237,1077,1196,1,조명및전구,조명제품
237,1080,1353,1,조명및전구,조명제품
237,1326,4301,1,조명및전구,조명제품
238,1081,1367,1,조명및전구,조명제품
239,1030,1048,1,조명및전구,전구
239,1058,2079,1,조명및전구,조명제품
239,1060,2108,1,조명및전구,조명제품
239,1326,4341,1,조명및전구,조명제품
240,1244,494,1,,
241,892,169,1,금속자재,"볼트,너트"
241,910,300,1,금속자재,부품
241,893,854,1,금속자재,"볼트,너트"
241,894,949,1,금속자재,"볼트,너트"
241,799,1073,1,기계장비,공구
241,803,1322,1,기계장비,공구
241,896,1359,1,금속자재,"볼트,너트"
241,897,1387,1,금속자재,"볼트,너트"
241,1058,2064,1,조명및전구,조명제품
241,1060,2115,1,조명및전구,조명제품
244,1253,1061,1,,
244,1058,2080,1,조명및전구,조명제품
244,1060,2132,1,조명및전구,조명제품
246,1058,55,1,조명및전구,조명제품
246,1060,101,1,조명및전구,조명제품
246,1064,2186,1,조명및전구,조명제품
246,1065,2261,1,조명및전구,조명제품
246,1077,3391,1,조명및전구,조명제품
246,1080,3548,1,조명및전구,조명제품
246,1326,4294,1,조명및전구,조명제품
248,910,301,1,금속자재,부품
249,1244,493,1,,
249,1068,597,1,조명및전구,조명제품
249,1223,1082,1,,
249,1326,4346,1,조명및전구,조명제품
250,807,258,1,기계장비,과학용품
250,1167,966,1,,
250,976,2466,1,건축자재,위생용도자기
250,983,3502,1,건축자재,위생용도자기
251,954,2874,1,금속자재,스테인리스
251,1014,3658,1,건축자재,인테리어제품
251,1326,4351,1,조명및전구,조명제품
252,1326,4352,1,조명및전구,조명제품
253,1326,4277,1,조명및전구,조명제품
254,902,535,1,금속자재,봉
254,1058,2057,1,조명및전구,조명제품
254,1060,2106,1,조명및전구,조명제품
254,1065,2263,1,조명및전구,조명제품
254,1326,4280,1,조명및전구,조명제품
255,1074,1005,1,조명및전구,조명제품
255,1065,2260,1,조명및전구,조명제품
255,1079,3520,1,조명및전구,조명제품
257,1295,1550,1,후처리2,NA
257,1277,1938,1,기계제작2,NA
257,1273,1939,1,기계제작1,NA
257,921,2832,1,금속자재,부품
257,922,2835,1,금속자재,부품
257,983,3506,1,건축자재,위생용도자기
258,1246,542,1,,
258,1236,914,1,,
259,793,2202,1,기계장비,공구
259,797,3039,1,기계장비,공구
259,1208,3325,1,,
260,1234,849,1,,
260,1236,910,1,,
260,1282,3907,1,기계제작2,NA
260,1294,3970,1,용접,NA
261,793,2195,1,기계장비,공구
261,798,3097,1,기계장비,공구
261,799,3263,1,기계장비,공구
262,1058,35,1,조명및전구,조명제품
262,1060,96,1,조명및전구,조명제품
262,863,2027,1,박스,박스
262,1233,2755,1,,
262,1232,2818,1,,
262,1326,4313,1,조명및전구,조명제품
263,1223,1087,1,,
263,1266,2321,1,금속제품,금속
263,1317,3848,1,,NA
264,1029,599,1,조명및전구,전구
264,1228,814,1,,
264,1030,1045,1,조명및전구,전구
264,1266,2335,1,금속제품,금속
264,1278,4015,1,기계제작1,NA
265,1217,227,1,,
265,934,1288,1,금속자재,부품
265,1226,3311,1,,
265,1225,3629,1,,
266,1253,1060,1,,
266,1223,1085,1,,
266,1055,1282,1,전기전자자재,전선
266,1158,2168,1,플라스틱자재,호스
266,917,2643,1,금속자재,부품
266,1159,2879,1,플라스틱자재,호스
266,1160,3041,1,플라스틱자재,호스
266,1161,3109,1,플라스틱자재,호스
266,1163,3627,1,플라스틱자재,호스
267,1317,3856,1,,NA
267,1298,4228,1,후처리2,NA
267,1274,4251,1,기계제작1,NA
267,1326,4320,1,조명및전구,조명제품
268,1223,3273,1,,
268,1055,3477,1,전기전자자재,전선
268,1326,4319,1,조명및전구,조명제품
269,793,182,1,기계장비,공구
269,1252,877,1,,
269,781,2246,1,간판및광고물,간판
269,782,2878,1,간판및광고물,간판
269,783,2929,1,간판및광고물,간판
269,958,2978,1,플라스틱자재,아크릴
270,840,381,1,금속자재,망
270,842,1233,1,금속자재,망
270,843,1291,1,금속자재,망
270,844,1408,1,금속자재,망
270,976,2476,1,건축자재,위생용도자기
270,983,3503,1,건축자재,위생용도자기
271,1047,617,1,전기전자자재,전선
271,1053,986,1,전기전자자재,전선
271,842,1232,1,금속자재,망
271,976,2475,1,건축자재,위생용도자기
271,983,3512,1,건축자재,위생용도자기
272,793,170,1,기계장비,공구
272,1017,993,1,건축자재,인테리어철물
272,958,2948,1,플라스틱자재,아크릴
273,1058,29,1,조명및전구,조명제품
273,1060,82,1,조명및전구,조명제품
273,1224,630,1,,
273,1030,1044,1,조명및전구,전구
273,1253,1055,1,,
273,1223,1079,1,,
273,1266,2349,1,금속제품,금속
273,1319,4022,1,,NA
274,1240,563,1,,
274,1247,2687,1,,
274,1138,3049,1,플라스틱자재,플라스틱
274,906,3614,1,금속자재,봉
275,1294,4001,1,용접,NA
275,1311,4081,1,시공,NA
276,1066,443,1,조명및전구,조명제품
276,1071,656,1,조명및전구,조명제품
276,1081,1366,1,조명및전구,조명제품
277,1256,590,1,,
277,1058,2054,1,조명및전구,조명제품
277,1060,2097,1,조명및전구,조명제품
278,1249,1407,1,,
278,1058,2050,1,조명및전구,조명제품
278,1060,2139,1,조명및전구,조명제품
279,921,659,1,금속자재,부품
279,922,661,1,금속자재,부품
279,983,1299,1,건축자재,위생용도자기
280,1246,543,1,,
280,1236,911,1,,
280,976,2468,1,건축자재,위생용도자기
281,1154,124,1,화학섬유,합성섬유
281,1247,532,1,,
281,789,2270,1,합성고무자재,고무
281,956,2880,1,화학섬유,스폰지
284,1234,850,1,,
284,1236,912,1,,
284,1253,3251,1,,
284,1223,3271,1,,
284,1055,3476,1,전기전자자재,전선
285,1247,534,1,,
285,1138,869,1,플라스틱자재,플라스틱
285,906,1416,1,금속자재,봉
286,1231,246,1,,
286,1230,1040,1,,
287,1326,4333,1,조명및전구,조명제품
288,1235,3129,1,,
289,1217,226,1,,
289,1236,909,1,,
289,848,2529,1,간판및광고물,명판
289,958,2949,1,플라스틱자재,아크릴
289,988,3123,1,유리자재,유리
290,1234,848,1,,
291,835,12,1,전기전자자재,단자
291,836,136,1,전기전자자재,단자
292,863,2025,1,박스,박스
292,954,2866,1,금속자재,스테인리스
292,1326,4327,1,조명및전구,조명제품
293,1253,1058,1,,
293,935,1340,1,금속자재,부품
295,1226,1119,1,,
295,1225,1431,1,,
296,1231,247,1,,
296,1230,1039,1,,
296,842,3426,1,금속자재,망
297,1240,565,1,,
297,1217,2254,1,,
297,1236,3092,1,,
298,1317,1622,1,,NA
298,1237,2612,1,,
298,916,2622,1,금속자재,부품
299,756,2266,1,전기전자제품,가전제품(전기전자제품)
299,873,2711,1,금속제품,밸브
299,1104,3047,1,금속자재,파이프
299,1014,3660,1,건축자재,인테리어제품
300,1020,186,1,금속제품,자석
300,1021,310,1,금속제품,자석
300,1023,593,1,금속제품,자석
300,1024,816,1,금속제품,자석
300,1027,1406,1,금속제품,자석
300,1028,1495,1,금속제품,자석
300,795,2498,1,기계장비,공구
301,793,177,1,기계장비,공구
301,797,859,1,기계장비,공구
301,1208,1131,1,,
301,1030,3235,1,조명및전구,전구
301,1223,3269,1,,
301,1326,4285,1,조명및전구,조명제품
302,799,1069,1,기계장비,공구
302,1243,2524,1,,
302,1229,2665,1,,
303,764,517,1,전기전자제품,가전제품(전기전자제품)
304,799,1067,1,기계장비,공구
304,1178,2854,1,,
305,1227,337,1,,
305,1058,2078,1,조명및전구,조명제품
305,1060,2118,1,조명및전구,조명제품
305,1220,2691,1,,
305,1090,3157,1,전기전자제품,컨버터및인버터
306,1158,143,1,플라스틱자재,호스
306,917,488,1,금속자재,부품
306,1159,705,1,플라스틱자재,호스
306,1160,862,1,플라스틱자재,호스
306,1161,929,1,플라스틱자재,호스
306,1163,1428,1,플라스틱자재,호스
306,1131,2424,1,금속자재,풀리
306,825,2675,1,기계장비,기어
306,829,3513,1,기계장비,기어
306,831,3608,1,기계장비,기어
306,832,3672,1,기계장비,기어
307,1205,606,1,,
307,767,621,1,전기전자제품,가전제품(전기전자제품)
307,775,1199,1,전기전자제품,가전제품(전기전자제품)
308,795,351,1,기계장비,공구
308,780,2239,1,간판및광고물,간판
308,1266,2309,1,금속제품,금속
309,793,171,1,기계장비,공구
310,976,329,1,건축자재,위생용도자기
310,1205,2779,1,,
310,767,2793,1,전기전자제품,가전제품(전기전자제품)
310,775,3394,1,전기전자제품,가전제품(전기전자제품)
311,789,245,1,합성고무자재,고무
311,956,706,1,화학섬유,스폰지
312,863,5,1,박스,박스
312,958,796,1,플라스틱자재,아크릴
312,1326,4272,1,조명및전구,조명제품
313,793,181,1,기계장비,공구
313,1018,1022,1,건축자재,인테리어철물
313,1334,4436,1,금속자재,철
314,780,218,1,간판및광고물,간판
315,857,353,1,건축자재,목제품
315,1248,1426,1,,
315,755,2188,1,전기전자제품,가전제품(전기전자제품)
315,807,2285,1,기계장비,과학용품
315,765,2710,1,전기전자제품,가전제품(전기전자제품)
315,774,3304,1,전기전자제품,가전제품(전기전자제품)
315,1004,3680,1,기계장비,의료
315,1005,3684,1,기계장비,의료
316,1334,4434,1,금속자재,철
317,988,937,1,유리자재,유리
317,851,2034,1,기계장비,모터
317,1091,3042,1,기계장비,컴프레셔(콤프레샤)
317,1090,3152,1,전기전자제품,컨버터및인버터
317,1210,3214,1,,
317,1212,3598,1,,
318,976,326,1,건축자재,위생용도자기
318,983,1303,1,건축자재,위생용도자기
318,1266,2317,1,금속제품,금속
318,1282,3902,1,기계제작2,NA
319,958,770,1,플라스틱자재,아크릴
319,1240,2721,1,,
320,976,331,1,건축자재,위생용도자기
320,983,1300,1,건축자재,위생용도자기
320,1268,2632,1,기계장비,공작기계
321,976,320,1,건축자재,위생용도자기
321,983,1301,1,건축자재,위생용도자기
321,1328,4373,1,,NA
321,1331,4403,1,기계제작2,NA
322,980,655,1,건축자재,위생용도자기
322,983,1304,1,건축자재,위생용도자기
323,887,358,1,건축자재,벽지및장판
323,1223,3270,1,,
324,976,322,1,건축자재,위생용도자기
324,983,1296,1,건축자재,위생용도자기
324,991,2777,1,건축자재,유리및창호
324,954,2856,1,금속자재,스테인리스
324,1128,3591,1,간판및광고물,표지판
325,976,333,1,건축자재,위생용도자기
325,983,1312,1,건축자재,위생용도자기
325,1241,3104,1,,
325,1238,3570,1,,
325,907,3690,1,금속자재,봉
326,976,330,1,건축자재,위생용도자기
326,983,1298,1,건축자재,위생용도자기
326,1242,2602,1,,
327,976,327,1,건축자재,위생용도자기
327,983,1302,1,건축자재,위생용도자기
327,1266,2360,1,금속제품,금속
328,1018,1023,1,건축자재,인테리어철물
328,937,1384,1,금속자재,부품
328,1043,2446,1,전기전자자재,전선
328,876,2486,1,전기전자자재,버스바(부스바)
328,1256,2762,1,,
328,1226,3312,1,,
329,795,350,1,기계장비,공구
329,1240,570,1,,
329,821,746,1,금속자재,금속
329,896,1356,1,금속자재,"볼트,너트"
330,789,243,1,합성고무자재,고무
330,792,851,1,합성고무자재,고무
330,928,3087,1,금속자재,부품
330,841,3150,1,금속자재,망
330,842,3424,1,금속자재,망
330,843,3486,1,금속자재,망
330,844,3607,1,금속자재,망
331,1279,1649,1,부품제작,NA
331,1334,4430,1,금속자재,철
332,928,907,1,금속자재,부품
332,841,969,1,금속자재,망
332,842,1228,1,금속자재,망
332,843,1292,1,금속자재,망
332,844,1409,1,금속자재,망
332,1210,3209,1,,
333,1256,588,1,,
333,821,751,1,금속자재,금속
333,976,2465,1,건축자재,위생용도자기
333,983,3492,1,건축자재,위생용도자기
335,1271,1864,1,기계제작1,NA
335,1272,1896,1,기계제작1,NA
335,1243,2523,1,,
335,1229,2660,1,,
338,1013,3401,1,건축자재,인테리어제품
338,1014,3647,1,건축자재,인테리어제품
339,1229,2662,1,,
340,1328,4392,1,,NA
340,1313,1555,1,,NA
340,1239,2900,1,,
340,821,2919,1,금속자재,금속
340,1326,4296,1,조명및전구,조명제품
342,976,2471,1,건축자재,위생용도자기
342,983,3510,1,건축자재,위생용도자기
343,1256,586,1,,
343,1095,640,1,케이스,케이스
343,1014,1466,1,건축자재,인테리어제품
344,1247,533,1,,
344,954,693,1,금속자재,스테인리스
344,1243,2521,1,,
344,1229,2664,1,,
345,1306,1557,1,,NA
345,1274,1671,1,기계제작2,NA
345,1058,2055,1,조명및전구,조명제품
345,1060,2095,1,조명및전구,조명제품
345,1081,3559,1,조명및전구,조명제품
346,904,1208,1,금속자재,봉
346,1129,3584,1,간판및광고물,표지판
346,1157,3675,1,간판및광고물,현수막
347,1313,1554,1,,NA
347,1066,2596,1,조명및전구,조명제품
347,1071,2830,1,조명및전구,조명제품
347,1081,3563,1,조명및전구,조명제품
347,1326,4266,1,조명및전구,조명제품
348,1245,289,1,,
348,1244,2646,1,,
349,1276,1538,1,기계제작2,NA
349,1274,1686,1,기계제작2,NA
349,1326,4295,1,조명및전구,조명제품
350,1270,1794,1,기계제작1,NA
350,1186,2679,1,,
352,1282,3904,1,기계제작2,NA
352,1294,3982,1,용접,NA
353,892,2194,1,금속자재,"볼트,너트"
353,910,2447,1,금속자재,부품
353,893,3033,1,금속자재,"볼트,너트"
353,894,3130,1,금속자재,"볼트,너트"
353,799,3260,1,기계장비,공구
353,803,3517,1,기계장비,공구
353,896,3552,1,금속자재,"볼트,너트"
353,897,3585,1,금속자재,"볼트,너트"
354,1183,577,1,,
354,940,648,1,전기전자제품,분전반및배전반
355,1237,2603,1,,
355,916,2623,1,금속자재,부품
356,863,2,1,박스,박스
356,954,688,1,금속자재,스테인리스
356,1266,2303,1,금속제품,금속
356,1280,4101,1,기계제작1,NA
358,793,2205,1,기계장비,공구
359,793,2204,1,기계장비,공구
359,1245,2437,1,,
359,958,2947,1,플라스틱자재,아크릴
359,1017,3174,1,건축자재,인테리어철물
360,794,2420,1,기계장비,공구
361,1239,726,1,,
361,821,745,1,금속자재,금속
362,1156,2167,1,플라스틱제품,핸들
362,883,2184,1,플라스틱자재,벨트
362,884,3035,1,플라스틱자재,벨트
363,1240,568,1,,
363,1223,3278,1,,
366,863,4,1,박스,박스
366,940,649,1,전기전자제품,분전반및배전반
366,764,2670,1,전기전자제품,가전제품(전기전자제품)
367,1272,1903,1,기계제작1,NA
367,840,2528,1,금속자재,망
367,842,3427,1,금속자재,망
367,843,3487,1,금속자재,망
367,844,3606,1,금속자재,망
369,794,274,1,기계장비,공구
369,960,2258,1,비철금속자재,알루미늄
369,961,2278,1,비철금속자재,알루미늄
369,963,2768,1,비철금속자재,알루미늄
369,964,3009,1,비철금속자재,알루미늄
370,1274,1653,1,기계제작2,NA
370,1247,2688,1,,
370,954,2858,1,금속자재,스테인리스
371,1137,138,1,플라스틱자재,플라스틱
371,958,791,1,플라스틱자재,아크릴
371,1234,3029,1,,
372,1274,1680,1,기계제작2,NA
372,1058,2087,1,조명및전구,조명제품
372,1060,2126,1,조명및전구,조명제품
372,1253,3256,1,,
374,1245,2436,1,,
374,885,3488,1,플라스틱자재,벨트
375,1243,2522,1,,
375,1229,2655,1,,
376,1311,1808,1,,NA
376,1266,2362,1,금속제품,금속
376,1323,3808,1,,NA
379,1058,36,1,조명및전구,조명제품
379,1060,92,1,조명및전구,조명제품
379,1249,3605,1,,
379,1326,4310,1,조명및전구,조명제품
380,1294,4008,1,용접,NA
380,1295,4010,1,용접,NA
381,1066,445,1,조명및전구,조명제품
381,1069,608,1,조명및전구,조명제품
381,1157,3673,1,간판및광고물,현수막
382,764,515,1,전기전자제품,가전제품(전기전자제품)
382,793,2199,1,기계장비,공구
382,1018,3203,1,건축자재,인테리어철물
382,1334,4428,1,금속자재,철
383,1223,1080,1,,
383,1055,1275,1,전기전자자재,전선
383,976,2472,1,건축자재,위생용도자기
383,983,3498,1,건축자재,위생용도자기
384,1303,3756,1,후처리2,NA
384,1331,4416,1,기계제작2,NA
385,1058,38,1,조명및전구,조명제품
385,1060,85,1,조명및전구,조명제품
385,1326,4307,1,조명및전구,조명제품
386,1169,951,1,,
386,1245,2431,1,,
386,1210,3208,1,,
387,1184,1107,1,,
387,1220,2693,1,,
388,1058,37,1,조명및전구,조명제품
388,1060,78,1,조명및전구,조명제품
388,1066,2595,1,조명및전구,조명제품
388,1069,2781,1,조명및전구,조명제품
389,1253,1056,1,,
389,1334,4427,1,금속자재,철
389,1287,3862,1,부품제작,NA
390,1058,22,1,조명및전구,조명제품
390,1060,80,1,조명및전구,조명제품
390,1253,1057,1,,
390,821,2914,1,금속자재,금속
390,1012,3197,1,건축자재,인테리어제품
390,1014,3655,1,건축자재,인테리어제품
391,766,613,1,전기전자제품,가전제품(전기전자제품)
391,1237,2606,1,,
391,916,2625,1,금속자재,부품
392,818,379,1,금속자재,금속
392,1228,815,1,,
392,1018,3204,1,건축자재,인테리어철물
392,937,3581,1,금속자재,부품
392,1326,4339,1,조명및전구,조명제품
393,798,3095,1,기계장비,공구
393,1251,3098,1,,
393,1250,3306,1,,
394,1253,1054,1,,
394,793,2200,1,기계장비,공구
394,1017,3168,1,건축자재,인테리어철물
395,1029,601,1,조명및전구,전구
395,1030,1041,1,조명및전구,전구
395,1031,1361,1,조명및전구,전구
395,1100,2291,1,금속자재,파이프
395,1238,3572,1,,
395,907,3691,1,금속자재,봉
396,1284,3719,1,기계제작2,NA
397,1058,56,1,조명및전구,조명제품
397,965,857,1,전기전자,어댑터(아담터)
397,764,2671,1,전기전자제품,가전제품(전기전자제품)
398,1253,1064,1,,
398,1237,2613,1,,
398,916,2624,1,금속자재,부품
399,1187,432,1,,
399,766,614,1,전기전자제품,가전제품(전기전자제품)
399,1209,638,1,,
399,795,2494,1,기계장비,공구
399,1240,2717,1,,
399,954,2868,1,금속자재,스테인리스
399,821,2911,1,금속자재,금속
399,896,3553,1,금속자재,"볼트,너트"
400,1071,657,1,조명및전구,조명제품
400,1236,913,1,,
400,793,2207,1,기계장비,공구
400,797,3040,1,기계장비,공구
400,798,3096,1,기계장비,공구
400,799,3268,1,기계장비,공구
400,802,3320,1,기계장비,공구
401,1081,1364,1,조명및전구,조명제품
401,988,3118,1,유리자재,유리
401,1326,4338,1,조명및전구,조명제품
402,1266,2407,1,금속제품,금속
402,1267,2752,1,금속제품,비금속
403,1058,43,1,조명및전구,조명제품
403,1060,114,1,조명및전구,조명제품
403,1074,1009,1,조명및전구,조명제품
403,1326,4335,1,조명및전구,조명제품
404,1058,62,1,조명및전구,조명제품
404,1060,95,1,조명및전구,조명제품
405,1058,34,1,조명및전구,조명제품
405,1060,94,1,조명및전구,조명제품
405,1081,1368,1,조명및전구,조명제품
406,1168,9,1,,
406,976,2474,1,건축자재,위생용도자기
406,983,3500,1,건축자재,위생용도자기
407,1058,49,1,조명및전구,조명제품
407,1060,90,1,조명및전구,조명제품
407,1220,536,1,,
407,1030,1042,1,조명및전구,전구
407,1223,1078,1,,
407,789,2271,1,합성고무자재,고무
407,792,3030,1,합성고무자재,고무
407,1326,4342,1,조명및전구,조명제품
408,793,180,1,기계장비,공구
408,967,546,1,전자전기제품,열쇠(키)
408,1252,878,1,,
408,941,2036,1,플라스틱자재,비닐
408,964,2996,1,비철금속자재,알루미늄
409,793,2198,1,기계장비,공구
409,1252,3057,1,,
411,1030,1049,1,조명및전구,전구
411,1223,1084,1,,
411,1326,4334,1,조명및전구,조명제품
412,766,615,1,전기전자제품,가전제품(전기전자제품)
412,1253,3253,1,,
413,1244,492,1,,
413,1228,813,1,,
413,1253,1059,1,,
413,910,2448,1,금속자재,부품
414,1275,3803,1,기계제작1,NA
414,1274,4244,1,기계제작1,NA
415,1331,4409,1,기계제작2,NA
415,1317,3840,1,,NA
415,1306,4052,1,인쇄,NA
416,1058,2071,1,조명및전구,조명제품
416,1060,2119,1,조명및전구,조명제품
416,1326,4269,1,조명및전구,조명제품
417,815,674,1,금속제품,귀금속
417,816,718,1,금속제품,귀금속
417,817,887,1,금속제품,귀금속
418,815,673,1,금속제품,귀금속
418,816,716,1,금속제품,귀금속
418,817,888,1,금속제품,귀금속
418,1328,4389,1,,NA
418,1282,3892,1,기계제작2,NA
418,1294,3972,1,용접,NA
418,1279,4098,1,기계제작1,NA
418,1274,4240,1,기계제작1,NA
419,1240,2714,1,,
420,815,671,1,금속제품,귀금속
420,816,714,1,금속제품,귀금속
420,817,891,1,금속제품,귀금속
421,815,669,1,금속제품,귀금속
421,816,712,1,금속제품,귀금속
421,817,882,1,금속제품,귀금속
421,1244,2647,1,,
421,1228,2993,1,,
421,1253,3242,1,,
422,755,163,1,전기전자제품,가전제품(전기전자제품)
422,807,256,1,기계장비,과학용품
422,765,556,1,전기전자제품,가전제품(전기전자제품)
422,774,1112,1,전기전자제품,가전제품(전기전자제품)
422,1004,1480,1,기계장비,의료
422,1005,1483,1,기계장비,의료
422,1238,3568,1,,
423,815,670,1,금속제품,귀금속
423,816,715,1,금속제품,귀금속
423,817,886,1,금속제품,귀금속
423,1058,2067,1,조명및전구,조명제품
423,1060,2125,1,조명및전구,조명제품
423,781,2245,1,간판및광고물,간판
423,783,2930,1,간판및광고물,간판
423,785,3020,1,간판및광고물,간판
424,1186,530,1,,
424,1266,2369,1,금속제품,금속
424,1282,3891,1,기계제작2,NA
425,793,172,1,기계장비,공구
425,797,861,1,기계장비,공구
425,798,915,1,기계장비,공구
425,799,1074,1,기계장비,공구
425,802,1129,1,기계장비,공구
425,1266,2395,1,금속제품,금속
425,1331,4412,1,기계제작2,NA
428,1257,960,1,,
429,1058,28,1,조명및전구,조명제품
429,1060,89,1,조명및전구,조명제품
429,1065,236,1,조명및전구,조명제품
429,817,3062,1,금속제품,귀금속
429,1326,4326,1,조명및전구,조명제품
430,1058,32,1,조명및전구,조명제품
430,1060,76,1,조명및전구,조명제품
430,1220,537,1,,
430,1090,979,1,전기전자제품,컨버터및인버터
430,1237,2618,1,,
430,916,2626,1,금속자재,부품
431,1074,1004,1,조명및전구,조명제품
432,793,179,1,기계장비,공구
432,798,917,1,기계장비,공구
432,799,1075,1,기계장비,공구
432,1113,2649,1,기계장비,펌프
432,1115,2837,1,기계장비,펌프
432,1116,2850,1,기계장비,펌프
432,1123,3397,1,기계장비,펌프
432,1212,3600,1,,
433,798,916,1,기계장비,공구
433,1251,918,1,,
433,1250,1115,1,,
433,1164,2154,1,전자전기제품,회로
433,1269,2635,1,전자전기제품,회로
434,1113,495,1,기계장비,펌프
434,1115,662,1,기계장비,펌프
434,1116,676,1,기계장비,펌프
434,1123,1201,1,기계장비,펌프
434,1212,1399,1,,
434,863,2028,1,박스,박스
434,958,2971,1,플라스틱자재,아크릴
435,1112,296,1,기계장비,펌프
435,1123,1202,1,기계장비,펌프
435,1124,1371,1,기계장비,펌프
435,1212,1395,1,,
435,1253,3247,1,,
435,935,3535,1,금속자재,부품
436,1265,922,1,,
436,1168,2030,1,,
437,1058,46,1,조명및전구,조명제품
437,1060,93,1,조명및전구,조명제품
437,1065,234,1,조명및전구,조명제품
437,1079,1325,1,조명및전구,조명제품
437,1326,4267,1,조명및전구,조명제품
438,1058,23,1,조명및전구,조명제품
438,1060,81,1,조명및전구,조명제품
438,1065,233,1,조명및전구,조명제품
438,1079,1324,1,조명및전구,조명제품
438,958,2961,1,플라스틱자재,아크릴
438,1255,3099,1,,
439,1058,61,1,조명및전구,조명제품
439,1060,116,1,조명및전구,조명제품
439,1030,1047,1,조명및전구,전구
439,1223,1086,1,,
439,848,2554,1,간판및광고물,명판
439,958,2967,1,플라스틱자재,아크릴
440,1058,24,1,조명및전구,조명제품
440,1060,83,1,조명및전구,조명제품
440,1266,2329,1,금속제품,금속
440,1282,3914,1,기계제작2,NA
441,1193,1127,1,,
441,1222,1330,1,,
441,1266,2341,1,금속제품,금속
441,833,3223,1,기획,기획
442,1114,572,1,기계장비,펌프
442,1115,663,1,기계장비,펌프
442,1212,1405,1,,
442,1058,2045,1,조명및전구,조명제품
442,1060,2134,1,조명및전구,조명제품
442,1326,4282,1,조명및전구,조명제품
443,1114,2727,1,기계장비,펌프
443,1115,2836,1,기계장비,펌프
443,1212,3593,1,,
443,1326,4328,1,조명및전구,조명제품
444,1058,54,1,조명및전구,조명제품
444,1060,111,1,조명및전구,조명제품
444,1061,120,1,조명및전구,조명제품
444,1164,130,1,전자전기제품,회로
444,766,2787,1,전기전자제품,가전제품(전기전자제품)
444,1326,4337,1,조명및전구,조명제품
445,1058,60,1,조명및전구,조명제품
445,1060,107,1,조명및전구,조명제품
445,1266,2365,1,금속제품,금속
445,1288,4215,1,부품제작,NA
446,1058,44,1,조명및전구,조명제품
446,1060,88,1,조명및전구,조명제품
446,1140,3615,1,플라스틱자재,플라스틱
447,1058,63,1,조명및전구,조명제품
447,1060,112,1,조명및전구,조명제품
447,1137,2164,1,플라스틱자재,플라스틱
447,958,2976,1,플라스틱자재,아크릴
448,863,6,1,박스,박스
448,1233,582,1,,
448,1232,645,1,,
448,1229,2667,1,,
448,1275,3801,1,기계제작1,NA
449,1326,4323,1,조명및전구,조명제품
450,1237,463,1,,
450,916,474,1,금속자재,부품
450,1223,1083,1,,
450,1066,2594,1,조명및전구,조명제품
451,1237,460,1,,
451,916,468,1,금속자재,부품
451,1058,2070,1,조명및전구,조명제품
451,1060,2136,1,조명및전구,조명제품
451,1065,2264,1,조명및전구,조명제품
451,1079,3519,1,조명및전구,조명제품
452,1237,453,1,,
452,916,470,1,금속자재,부품
452,1317,3837,1,,NA
452,1306,4059,1,인쇄,NA
453,1242,451,1,,
453,1253,3241,1,,
454,1237,464,1,,
454,916,472,1,금속자재,부품
454,1058,2052,1,조명및전구,조명제품
454,1060,2100,1,조명및전구,조명제품
455,1058,31,1,조명및전구,조명제품
455,1060,73,1,조명및전구,조명제품
455,976,2480,1,건축자재,위생용도자기
455,983,3496,1,건축자재,위생용도자기
456,976,328,1,건축자재,위생용도자기
456,983,1309,1,건축자재,위생용도자기
456,1095,2815,1,케이스,케이스
456,1014,3659,1,건축자재,인테리어제품
457,1058,53,1,조명및전구,조명제품
457,1060,100,1,조명및전구,조명제품
457,1265,3102,1,,
458,1276,1512,1,기계제작2,NA
458,1295,1551,1,후처리2,NA
458,1298,1833,1,인쇄,NA
458,1277,1956,1,기계제작2,NA
458,1273,1957,1,기계제작1,NA
458,976,2481,1,건축자재,위생용도자기
458,983,3511,1,건축자재,위생용도자기
459,1258,271,1,,
459,1020,2213,1,금속제품,자석
459,1021,2457,1,금속제품,자석
459,1023,2766,1,금속제품,자석
459,1024,2995,1,금속제품,자석
459,1027,3604,1,금속제품,자석
459,1028,3695,1,금속제품,자석
460,976,319,1,건축자재,위생용도자기
460,983,1314,1,건축자재,위생용도자기
461,1058,42,1,조명및전구,조명제품
461,1060,103,1,조명및전구,조명제품
462,976,323,1,건축자재,위생용도자기
462,983,1311,1,건축자재,위생용도자기
462,1240,2719,1,,
463,1058,52,1,조명및전구,조명제품
463,1060,102,1,조명및전구,조명제품
463,1154,2148,1,화학섬유,합성섬유
463,1247,2686,1,,
463,1326,4312,1,조명및전구,조명제품
464,976,321,1,건축자재,위생용도자기
464,983,1317,1,건축자재,위생용도자기
464,1058,2061,1,조명및전구,조명제품
464,1060,2130,1,조명및전구,조명제품
465,976,335,1,건축자재,위생용도자기
465,983,1316,1,건축자재,위생용도자기
465,1187,2587,1,,
465,766,2785,1,전기전자제품,가전제품(전기전자제품)
465,1209,2812,1,,
466,976,325,1,건축자재,위생용도자기
466,983,1308,1,건축자재,위생용도자기
466,1234,3027,1,,
466,1236,3091,1,,
467,976,318,1,건축자재,위생용도자기
467,983,1297,1,건축자재,위생용도자기
467,1058,2046,1,조명및전구,조명제품
467,965,3036,1,전기전자,어댑터(아담터)
468,789,2272,1,합성고무자재,고무
468,988,3121,1,유리자재,유리
468,1326,4317,1,조명및전구,조명제품
469,960,231,1,비철금속자재,알루미늄
469,961,251,1,비철금속자재,알루미늄
469,963,595,1,비철금속자재,알루미늄
469,964,820,1,비철금속자재,알루미늄
469,1058,2084,1,조명및전구,조명제품
469,1060,2124,1,조명및전구,조명제품
469,1326,4265,1,조명및전구,조명제품
470,1240,562,1,,
470,852,2249,1,기계장비,모터
470,853,2440,1,기계장비,모터
470,1187,2584,1,,
471,1095,643,1,케이스,케이스
471,1014,1470,1,건축자재,인테리어제품
471,1017,3171,1,건축자재,인테리어철물
471,1011,3178,1,건축자재,인테리어제품
471,1012,3199,1,건축자재,인테리어제품
471,1326,4290,1,조명및전구,조명제품
472,842,1231,1,금속자재,망
472,1256,2764,1,,
472,821,2923,1,금속자재,금속
475,793,173,1,기계장비,공구
475,1245,286,1,,
475,958,785,1,플라스틱자재,아크릴
475,1017,995,1,건축자재,인테리어철물
476,1276,1519,1,기계제작2,NA
476,1270,1797,1,기계제작1,NA
477,1245,280,1,,
477,1210,1032,1,,
477,1193,3314,1,,
477,1222,3522,1,,
478,1245,284,1,,
478,885,1295,1,플라스틱자재,벨트
478,1244,2648,1,,
478,1068,2770,1,조명및전구,조명제품
478,1223,3276,1,,
478,1326,4292,1,조명및전구,조명제품
479,1131,278,1,금속자재,풀리
479,825,523,1,기계장비,기어
479,829,1319,1,기계장비,기어
479,831,1410,1,기계장비,기어
479,832,1473,1,기계장비,기어
479,1071,2829,1,조명및전구,조명제품
479,1236,3089,1,,
480,1156,142,1,플라스틱제품,핸들
480,883,160,1,플라스틱자재,벨트
480,884,856,1,플라스틱자재,벨트
480,1015,2729,1,건축자재,인테리어철물
481,966,356,1,전자전기제품,열쇠(키)
481,948,1251,1,전기전자제품,센서
481,969,1260,1,전자전기제품,열쇠(키)
481,1169,3133,1,,
482,756,239,1,전기전자제품,가전제품(전기전자제품)
482,873,557,1,금속제품,밸브
482,1104,868,1,금속자재,파이프
482,1014,1449,1,건축자재,인테리어제품
482,863,2026,1,박스,박스
482,940,2821,1,전기전자제품,분전반및배전반
483,1328,4372,1,,NA
483,1276,1543,1,기계제작2,NA
483,1282,3910,1,기계제작2,NA
484,1306,1587,1,,NA
484,1277,1944,1,기계제작2,NA
484,1273,1945,1,기계제작1,NA
484,976,2469,1,건축자재,위생용도자기
484,983,3499,1,건축자재,위생용도자기
485,989,3128,1,유리자재,유리
485,1305,3863,1,후처리2,NA
486,941,16,1,플라스틱자재,비닐
486,964,831,1,비철금속자재,알루미늄
486,1055,3473,1,전기전자자재,전선
487,1272,1879,1,기계제작1,NA
487,1183,2730,1,,
487,940,2822,1,전기전자제품,분전반및배전반
488,1100,264,1,금속자재,파이프
488,1238,1374,1,,
488,907,1491,1,금속자재,봉
488,815,2848,1,금속제품,귀금속
488,816,2889,1,금속제품,귀금속
488,817,3070,1,금속제품,귀금속
489,1271,1872,1,기계제작1,NA
489,1272,1894,1,기계제작1,NA
489,1058,2058,1,조명및전구,조명제품
489,1060,2129,1,조명및전구,조명제품
489,1326,4263,1,조명및전구,조명제품
490,954,696,1,금속자재,스테인리스
490,1058,2075,1,조명및전구,조명제품
490,1060,2138,1,조명및전구,조명제품
490,1074,3189,1,조명및전구,조명제품
491,1286,1781,1,용접,NA
491,1287,1789,1,용접,NA
491,1256,2759,1,,
492,1126,134,1,간판및광고물,표지판
492,848,384,1,간판및광고물,명판
492,1129,1386,1,간판및광고물,표지판
492,1113,2650,1,기계장비,펌프
492,1120,3073,1,기계장비,펌프
492,1212,3594,1,,
493,958,781,1,플라스틱자재,아크릴
493,1307,1612,1,,NA
493,835,2032,1,전기전자자재,단자
493,836,2161,1,전기전자자재,단자
494,1309,1640,1,,NA
494,1298,1837,1,인쇄,NA
494,1266,2331,1,금속제품,금속
494,1282,3895,1,기계제작2,NA
496,1014,1452,1,건축자재,인테리어제품
496,1074,3190,1,조명및전구,조명제품
496,1326,4274,1,조명및전구,조명제품
497,991,603,1,건축자재,유리및창호
497,954,694,1,금속자재,스테인리스
497,1128,1393,1,간판및광고물,표지판
497,1058,2048,1,조명및전구,조명제품
497,1060,2112,1,조명및전구,조명제품
497,1074,3185,1,조명및전구,조명제품
497,1326,4283,1,조명및전구,조명제품
498,1243,371,1,,
498,1229,498,1,,
498,1058,2051,1,조명및전구,조명제품
498,1060,2098,1,조명및전구,조명제품
498,1326,4291,1,조명및전구,조명제품
499,780,217,1,간판및광고물,간판
499,1294,1713,1,후처리2,NA
499,1058,2069,1,조명및전구,조명제품
499,1060,2121,1,조명및전구,조명제품
499,1326,4299,1,조명및전구,조명제품
500,1237,459,1,,
500,916,469,1,금속자재,부품
500,815,2846,1,금속제품,귀금속
500,816,2890,1,금속제품,귀금속
500,817,3061,1,금속제품,귀금속
501,1309,1643,1,,NA
501,1290,1984,1,후처리2,NA
501,1266,1986,1,기계제작1,NA
501,1240,2723,1,,
502,1157,1474,1,간판및광고물,현수막
502,1253,3250,1,,
503,976,2473,1,건축자재,위생용도자기
503,983,3497,1,건축자재,위생용도자기
504,821,752,1,금속자재,금속
504,1012,1019,1,건축자재,인테리어제품
504,1014,1462,1,건축자재,인테리어제품
504,1237,2609,1,,
505,954,683,1,금속자재,스테인리스
505,1014,1461,1,건축자재,인테리어제품
505,1237,2608,1,,
505,916,2628,1,금속자재,부품
506,1013,1206,1,건축자재,인테리어제품
506,1014,1447,1,건축자재,인테리어제품
506,1266,2387,1,금속제품,금속
506,1267,2738,1,금속제품,비금속
507,848,413,1,간판및광고물,명판
507,958,797,1,플라스틱자재,아크릴
508,954,692,1,금속자재,스테인리스
508,1058,2076,1,조명및전구,조명제품
508,1060,2128,1,조명및전구,조명제품
509,958,800,1,플라스틱자재,아크릴
509,1030,3237,1,조명및전구,전구
509,1326,4275,1,조명및전구,조명제품
510,1306,1580,1,,NA
510,1274,1668,1,기계제작2,NA
510,1286,1740,1,용접,NA
510,1271,1869,1,기계제작1,NA
510,1266,2005,1,기계제작1,NA
510,1114,2726,1,기계장비,펌프
510,1123,3400,1,기계장비,펌프
510,1212,3599,1,,
511,1243,373,1,,
511,1229,508,1,,
511,1184,3302,1,,
512,815,2844,1,금속제품,귀금속
512,816,2888,1,금속제품,귀금속
512,817,3063,1,금속제품,귀금속
513,1253,3244,1,,
515,1266,2393,1,금속제품,금속
515,1321,3762,1,,NA
516,1114,573,1,기계장비,펌프
516,1123,1204,1,기계장비,펌프
516,1212,1401,1,,
516,1294,3990,1,용접,NA
516,1274,4237,1,기계제작1,NA
517,1286,1754,1,용접,NA
517,1266,2000,1,기계제작1,NA
517,966,2503,1,전자전기제품,열쇠(키)
517,948,3446,1,전기전자제품,센서
517,969,3455,1,전자전기제품,열쇠(키)
518,976,2467,1,건축자재,위생용도자기
518,983,3491,1,건축자재,위생용도자기
519,1309,1636,1,,NA
519,1243,2519,1,,
519,1229,2658,1,,
521,1058,2047,1,조명및전구,조명제품
521,1060,2116,1,조명및전구,조명제품
521,1081,3560,1,조명및전구,조명제품
521,1326,4276,1,조명및전구,조명제품
522,1276,1521,1,기계제작2,NA
522,1307,1618,1,,NA
522,1321,3761,1,,NA
522,1322,3861,1,,NA
523,1030,1046,1,조명및전구,전구
523,1257,3141,1,,
524,1240,560,1,,
525,1055,1276,1,전기전자자재,전선
525,1258,2299,1,,
526,1066,444,1,조명및전구,조명제품
526,1322,3859,1,,NA
526,1305,3864,1,후처리2,NA
527,851,14,1,기계장비,모터
527,1091,863,1,기계장비,컴프레셔(콤프레샤)
527,1090,975,1,전기전자제품,컨버터및인버터
527,1210,1031,1,,
527,1212,1398,1,,
529,1220,538,1,,
529,1245,2428,1,,
530,1266,2353,1,금속제품,금속
530,1294,3955,1,용접,NA
533,1322,3860,1,,NA
533,1305,3865,1,후처리2,NA
534,1113,496,1,기계장비,펌프
534,1120,893,1,기계장비,펌프
534,1212,1404,1,,
534,1253,3254,1,,
535,1286,1762,1,용접,NA
535,1303,1857,1,시공,NA
535,1284,3733,1,기계제작2,NA
535,1315,3830,1,,NA
535,1280,4137,1,기계제작1,NA
536,1047,2790,1,전기전자자재,전선
536,1053,3167,1,전기전자자재,전선
536,842,3423,1,금속자재,망
537,1243,374,1,,
537,1229,502,1,,
538,1017,992,1,건축자재,인테리어철물
538,1011,1001,1,건축자재,인테리어제품
538,1012,1010,1,건축자재,인테리어제품
538,815,2847,1,금속제품,귀금속
538,816,2891,1,금속제품,귀금속
538,817,3064,1,금속제품,귀금속
538,1326,4305,1,조명및전구,조명제품
539,1058,41,1,조명및전구,조명제품
539,1060,87,1,조명및전구,조명제품
539,781,219,1,간판및광고물,간판
539,783,753,1,간판및광고물,간판
539,785,841,1,간판및광고물,간판
539,1331,4411,1,기계제작2,NA
539,1284,3718,1,기계제작2,NA
539,1303,3760,1,후처리2,NA
539,1306,4044,1,인쇄,NA
540,1306,1566,1,,NA
540,1266,1996,1,기계제작1,NA
540,958,2950,1,플라스틱자재,아크릴
540,1315,3823,1,,NA
541,1241,925,1,,
541,1238,1376,1,,
541,907,1490,1,금속자재,봉
541,1237,2604,1,,
542,848,418,1,간판및광고물,명판
542,958,788,1,플라스틱자재,아크릴
542,988,940,1,유리자재,유리
542,1058,2068,1,조명및전구,조명제품
542,1060,2120,1,조명및전구,조명제품
542,1326,4300,1,조명및전구,조명제품
543,1058,2085,1,조명및전구,조명제품
543,1060,2131,1,조명및전구,조명제품
543,1326,4279,1,조명및전구,조명제품
544,1255,919,1,,
545,1164,125,1,전자전기제품,회로
545,1253,3245,1,,
545,1326,4308,1,조명및전구,조명제품
547,1328,4374,1,,NA
547,1274,4245,1,기계제작1,NA
547,1326,4347,1,조명및전구,조명제품
548,1178,679,1,,
548,1284,3747,1,기계제작2,NA
548,1282,3872,1,기계제작2,NA
549,1223,1088,1,,
549,1058,2065,1,조명및전구,조명제품
549,1060,2110,1,조명및전구,조명제품
550,1315,1601,1,,NA
550,980,2828,1,건축자재,위생용도자기
550,983,3493,1,건축자재,위생용도자기
551,793,2201,1,기계장비,공구
551,967,2700,1,전자전기제품,열쇠(키)
551,1252,3056,1,,
552,1058,64,1,조명및전구,조명제품
552,1060,117,1,조명및전구,조명제품
552,1271,3323,1,기계장비,제어기
552,1326,4316,1,조명및전구,조명제품
553,766,2786,1,전기전자제품,가전제품(전기전자제품)
554,1237,458,1,,
554,916,477,1,금속자재,부품
555,1267,1595,1,기계제작1,NA
555,1272,1885,1,기계제작1,NA
555,780,2243,1,간판및광고물,간판
555,1302,3938,1,후처리2,NA
556,1237,454,1,,
556,1081,3558,1,조명및전구,조명제품
556,1326,4286,1,조명및전구,조명제품
557,916,471,1,금속자재,부품
557,1058,2043,1,조명및전구,조명제품
557,1060,2103,1,조명및전구,조명제품
557,1220,2690,1,,
557,1030,3231,1,조명및전구,전구
557,1223,3274,1,,
557,1326,4293,1,조명및전구,조명제품
558,1237,466,1,,
558,1240,2718,1,,
559,1081,1362,1,조명및전구,조명제품
559,1326,4329,1,조명및전구,조명제품
560,1286,1784,1,용접,NA
560,1081,3562,1,조명및전구,조명제품
560,1326,4288,1,조명및전구,조명제품
561,1328,4391,1,,NA
561,1297,1650,1,후처리2,NA
561,976,2478,1,건축자재,위생용도자기
561,983,3504,1,건축자재,위생용도자기
562,1243,372,1,,
562,1229,501,1,,
562,1266,2380,1,금속제품,금속
562,1278,4012,1,기계제작1,NA
563,1334,4429,1,금속자재,철
563,1274,1660,1,기계제작2,NA
563,1286,1761,1,용접,NA
564,1276,1517,1,기계제작2,NA
564,1277,1914,1,기계제작2,NA
564,1273,1915,1,기계제작1,NA
565,1237,462,1,,
566,1237,2611,1,,
566,916,2619,1,금속자재,부품
566,1223,3277,1,,
567,1226,1121,1,,
567,1225,1429,1,,
567,1058,2049,1,조명및전구,조명제품
567,1060,2111,1,조명및전구,조명제품
567,1224,2803,1,,
567,1030,3230,1,조명및전구,전구
567,1253,3246,1,,
567,1223,3280,1,,
568,1243,378,1,,
568,1229,506,1,,
569,781,220,1,간판및광고물,간판
569,782,704,1,간판및광고물,간판
569,783,754,1,간판및광고물,간판
569,958,778,1,플라스틱자재,아크릴
569,852,2248,1,기계장비,모터
569,853,2441,1,기계장비,모터
569,1187,2588,1,,
570,976,2470,1,건축자재,위생용도자기
570,983,3509,1,건축자재,위생용도자기
571,1328,4390,1,,NA
571,1297,1652,1,후처리2,NA
571,902,2689,1,금속자재,봉
572,1090,983,1,전기전자제품,컨버터및인버터
572,1275,3807,1,기계제작1,NA
572,1280,4138,1,기계제작1,NA
573,1229,500,1,,
573,1112,2444,1,기계장비,펌프
573,1123,3399,1,기계장비,펌프
573,1124,3566,1,기계장비,펌프
573,1212,3602,1,,
574,1090,978,1,전기전자제품,컨버터및인버터
574,1029,2772,1,조명및전구,전구
574,1228,2994,1,,
574,1030,3233,1,조명및전구,전구
575,887,2504,1,건축자재,벽지및장판
576,1274,1690,1,기계제작2,NA
576,1286,1780,1,용접,NA
576,1101,2784,1,금속자재,파이프
576,1238,3574,1,,
576,1211,3698,1,,
590,1315,1600,1,,NA
590,1323,3809,1,,NA
592,1298,1830,1,인쇄,NA
592,1306,4062,1,인쇄,NA
605,1298,1826,1,인쇄,NA
605,1306,4058,1,인쇄,NA
618,1328,4370,1,,NA
618,1295,1552,1,후처리2,NA
618,1306,1568,1,,NA
618,1303,3758,1,후처리2,NA
619,1274,1692,1,기계제작2,NA
619,1266,2396,1,금속제품,금속
619,1282,3924,1,기계제작2,NA
620,1276,1544,1,기계제작2,NA
620,1274,1661,1,기계제작2,NA
620,1311,1819,1,,NA
623,1272,1886,1,기계제작1,NA
623,1280,4143,1,기계제작1,NA
624,1276,1501,1,기계제작2,NA
624,1274,1693,1,기계제작2,NA
624,1284,3700,1,기계제작2,NA
624,1282,3879,1,기계제작2,NA
626,1274,1706,1,기계제작2,NA
626,1282,3887,1,기계제작2,NA
628,1274,1685,1,기계제작2,NA
628,1266,2374,1,금속제품,금속
628,1282,3868,1,기계제작2,NA
629,1274,1675,1,기계제작2,NA
629,1282,3876,1,기계제작2,NA
633,1274,1681,1,기계제작2,NA
633,1266,2378,1,금속제품,금속
633,833,3221,1,기획,기획
640,1274,1700,1,기계제작2,NA
640,1282,3866,1,기계제작2,NA
641,1274,1666,1,기계제작2,NA
641,1266,2312,1,금속제품,금속
641,1282,3905,1,기계제작2,NA
643,1286,1767,1,용접,NA
643,1272,1902,1,기계제작1,NA
644,1276,1526,1,기계제작2,NA
644,1274,1698,1,기계제작2,NA
644,1284,3750,1,기계제작2,NA
644,1282,3896,1,기계제작2,NA
645,1274,1688,1,기계제작2,NA
645,1282,3877,1,기계제작2,NA
648,1328,4388,1,,NA
648,1306,1586,1,,NA
648,1282,3890,1,기계제작2,NA
649,1271,1873,1,기계제작1,NA
649,1272,1900,1,기계제작1,NA
649,1279,4100,1,기계제작1,NA
649,1280,4115,1,기계제작1,NA
657,1266,2368,1,금속제품,금속
660,1276,1537,1,기계제작2,NA
660,1274,1655,1,기계제작2,NA
662,1286,1749,1,용접,NA
662,1294,3967,1,용접,NA
668,1328,4379,1,,NA
668,1306,1588,1,,NA
668,1274,4238,1,기계제작1,NA
669,1306,1558,1,,NA
669,1271,1865,1,기계제작1,NA
669,1272,1884,1,기계제작1,NA
680,1274,1669,1,기계제작2,NA
680,1266,2398,1,금속제품,금속
680,1282,3886,1,기계제작2,NA
681,1276,1518,1,기계제작2,NA
681,1266,2344,1,금속제품,금속
681,1284,3705,1,기계제작2,NA
682,1274,1696,1,기계제작2,NA
682,1282,3913,1,기계제작2,NA
683,1274,1682,1,기계제작2,NA
683,1266,2333,1,금속제품,금속
683,1282,3916,1,기계제작2,NA
684,1274,1672,1,기계제작2,NA
684,1266,2373,1,금속제품,금속
684,1282,3894,1,기계제작2,NA
685,1274,1689,1,기계제작2,NA
685,1266,2319,1,금속제품,금속
685,1282,3926,1,기계제작2,NA
686,1328,4371,1,,NA
686,1306,1575,1,,NA
686,1266,1987,1,기계제작1,NA
686,1274,4248,1,기계제작1,NA
688,1274,1704,1,기계제작2,NA
688,1266,2347,1,금속제품,금속
688,1273,2592,1,건축자재,목제품
689,1328,4376,1,,NA
689,1306,1583,1,,NA
689,1274,1697,1,기계제작2,NA
689,1282,3899,1,기계제작2,NA
690,1286,1785,1,용접,NA
690,1266,2397,1,금속제품,금속
690,1294,4005,1,용접,NA
691,1282,3867,1,기계제작2,NA
693,1276,1522,1,기계제작2,NA
693,1274,1665,1,기계제작2,NA
693,1284,3711,1,기계제작2,NA
693,1282,3870,1,기계제작2,NA
694,1274,1657,1,기계제작2,NA
694,1266,2308,1,금속제품,금속
694,1282,3881,1,기계제작2,NA
696,1306,1567,1,,NA
696,1282,3911,1,기계제작2,NA
696,1328,4375,1,,NA
698,1274,1674,1,기계제작2,NA
698,1282,3903,1,기계제작2,NA
701,1266,2343,1,금속제품,금속
702,1274,1658,1,기계제작2,NA
702,1266,2358,1,금속제품,금속
702,1282,3883,1,기계제작2,NA
703,1274,1654,1,기계제작2,NA
703,1282,3878,1,기계제작2,NA
704,1309,1624,1,,NA
704,1298,1822,1,인쇄,NA
704,1266,1995,1,기계제작1,NA
704,1317,3844,1,,NA
704,1328,4387,1,,NA
704,1274,4231,1,기계제작1,NA
710,1276,1529,1,기계제작2,NA
710,1266,1993,1,기계제작1,NA
710,1284,3717,1,기계제작2,NA
710,1274,4249,1,기계제작1,NA
711,1274,1701,1,기계제작2,NA
711,1266,2334,1,금속제품,금속
711,1282,3900,1,기계제작2,NA
714,1311,1805,1,,NA
714,1266,2008,1,기계제작1,NA
714,1319,4028,1,,NA
714,1274,4246,1,기계제작1,NA
715,1266,2364,1,금속제품,금속
718,1266,2402,1,금속제품,금속
720,917,2642,1,금속자재,부품
720,919,2735,1,금속자재,부품
720,922,2834,1,금속자재,부품
721,1286,1741,1,용접,NA
721,1294,3997,1,용접,NA
722,1274,1667,1,기계제작2,NA
722,1266,2394,1,금속제품,금속
722,1282,3898,1,기계제작2,NA
723,1276,1547,1,기계제작2,NA
723,1266,2352,1,금속제품,금속
723,1284,3744,1,기계제작2,NA
726,1274,1662,1,기계제작2,NA
726,1266,2348,1,금속제품,금속
726,1282,3909,1,기계제작2,NA
727,1274,1673,1,기계제작2,NA
727,1266,2320,1,금속제품,금속
727,1282,3908,1,기계제작2,NA
728,1266,2318,1,금속제품,금속
729,1274,1670,1,기계제작2,NA
729,1266,2305,1,금속제품,금속
729,1282,3901,1,기계제작2,NA
738,1269,1980,1,기계제작1,NA
738,1266,2363,1,금속제품,금속
738,1277,4224,1,기계제작1,NA
739,1276,1540,1,기계제작2,NA
739,1266,2336,1,금속제품,금속
739,1284,3735,1,기계제작2,NA
740,1280,1970,1,부품제작,NA
740,1288,4217,1,부품제작,NA
741,1274,4252,1,기계제작1,NA
749,1272,1880,1,기계제작1,NA
749,1266,2300,1,금속제품,금속
749,1280,4127,1,기계제작1,NA
750,1316,1590,1,,NA
750,1266,2301,1,금속제품,금속
750,1324,3798,1,,NA
751,1286,1738,1,용접,NA
751,1294,3995,1,용접,NA
1326,1060,4353,1,조명및전구,조명제품
1326,1058,4354,1,조명및전구,조명제품
1326,1168,4355,1,,
1326,1238,4356,1,,
1329,1230,4393,1,,
1329,1231,4394,1,,
1329,1060,4395,1,조명및전구,조명제품
1329,1058,4396,1,조명및전구,조명제품
1329,1168,4397,1,,
1330,1267,4400,1,기계제작1,NA
1330,1229,4401,1,,
1330,1266,4402,1,기계제작1,NA
1330,1236,4398,1,,
1330,1246,4399,1,,
1332,1326,4420,1,조명및전구,조명제품
1332,1060,4421,1,조명및전구,조명제품
1332,1058,4422,1,조명및전구,조명제품
1332,983,4423,1,건축자재,위생용도자기
1332,976,4424,1,건축자재,위생용도자기
1336,1014,4440,1,건축자재,인테리어제품
1336,1090,4439,1,전기전자제품,컨버터및인버터
1336,1095,4441,1,케이스,케이스
1336,1297,4442,1,후처리2,NA
1337,988,4445,1,유리자재,유리
1337,1235,4448,1,,
1337,789,4446,1,합성고무자재,고무
1337,1248,4443,1,,
1337,780,4447,1,간판및광고물,간판
1337,857,4444,1,건축자재,목제품
1338,1319,4449,1,,NA
1338,1311,4450,1,,NA
1339,988,4453,1,유리자재,유리
1339,769,4452,1,전기전자제품,가전제품(전기전자제품)
1339,805,4456,1,기계장비,공구
1339,1215,4459,1,,
1339,984,4454,1,유리자재,유리
1339,800,4457,1,기계장비,공구
1339,819,4458,1,금속자재,금속
1340,958,4465,1,플라스틱자재,아크릴
1340,867,4460,1,박스,박스
1340,1134,4466,1,플라스틱자재,플라스틱
1340,1093,4468,1,케이스,케이스
1340,935,4469,1,금속자재,부품
1340,1030,4470,1,조명및전구,전구
1340,1183,4461,1,,
1340,1326,4467,1,조명및전구,조명제품
1340,863,4462,1,박스,박스
1340,1140,4463,1,플라스틱자재,플라스틱
1340,959,4464,1,플라스틱자재,아크릴
1341,1186,4475,1,,
1341,1236,4476,1,,
1341,1176,4471,1,,
1341,1060,4472,1,조명및전구,조명제품
1341,1234,4477,1,,
1341,1058,4473,1,조명및전구,조명제품
1341,1214,4474,1,,
1343,1253,4487,1,,
1343,1030,4483,1,조명및전구,전구
1343,1031,4482,1,조명및전구,전구
1343,1029,4484,1,조명및전구,전구
1343,1272,4485,1,기계제작1,NA
1343,1311,4486,1,,NA
1345,1298,4492,1,인쇄,NA
1345,1306,4490,1,인쇄,NA
1345,1315,4491,1,,NA
1345,1307,4493,1,,NA
1346,954,4498,1,금속자재,스테인리스
1346,1187,4499,1,,
1346,853,4500,1,기계장비,모터
1346,852,4501,1,기계장비,모터
1348,1358,,,,
1347,1361,,,목재자재,목재제작품
1349,1355,,,목재제작품,공예품
1351,882,,,금속자재,베어링
1351,1356,,,금속자재,부품
1353,780,,,간판및광고물,간판
1353,786,,,간판및광고물,간판
1350,894,,,금속자재,"볼트,너트"
1350,1357,,,기계제작3,장비제작
1354,1359,,,기계제작2,로구로
1354,1360,,,기계제작3,부품제작
1352,1357,,,기계제작3,장비제작
1352,1360,,,기계제작3,부품제작
1362,1368,,,기계장비,기계
1362,1369,,,전자전기제품,키트
1362,1375,,,서비스,행사기획
1362,1376,,,디자인,디자인
1362,1377,,,디자인,디자인
1363,1370,,,잡화,공예품
1363,1377,,,디자인,디자인
1363,1378,,,디자인,디자인
1363,1379,,,디자인,디자인
1363,1380,,,디자인,디자인
1364,1164,,,전자전기제품,회로
1364,1371,,,전자전기제품,회로
1364,1381,,,전자전기,회로설계
1365,1369,,,전자전기제품,키트
1365,1375,,,서비스,행사기획
1365,1382,,,전자전기,회로설계
1366,1184,,,전자전기제품,부품
1366,1269,,,전자전기제품,회로
1366,912,,,금속자재,부품
1366,1372,,,전자전기제품,회로
1366,1373,,,전자전기제품,회로
1367,1374,,,전자전기제품,부품
1367,1178,,,전자전기제품,부품
1367,1374,,,전자전기제품,부품